Amount Vehicles:,63,,
Capacity:,40,,
Service Time:,0,,
Depot_Almacen_Habana,-82.3516,23.11846,0
HAB8602,-82.40489139,23.1234948,1
HAB3760,-82.37061812,23.09485204,1
HAB9389,-82.37543335,23.12271169,1
HAB10215,-82.23334266,23.10754442,1
HAB13334,-82.36472061,23.1109141,1
HAB1632,-82.36730291,23.11716398,1
HAB11751,-82.34000875,23.07120385,1
HAB7556,-82.4053265,23.13353359,1
HAB7982,-82.33845414,23.10191202,1
HAB3316,-82.31546117,23.12461362,1
HAB14989,-82.372535,23.13405911,1
HAB10920,-82.38165809,22.97262831,1
HAB3453,-82.36132624,23.13553784,1
HAB10314,-82.26227297,23.04219888,1
HAB6858,-82.40544392,23.11511155,1
HAB6733,-82.45839073,23.0314683,1
HAB16469,-82.32858053,23.09278039,1
HAB1004,-82.39961268,23.13980178,1
HAB7055,-82.45959236,23.08874299,1
HAB11474,-82.39219381,23.13403609,1
HAB11022,-82.42710795,23.0694091,1
HAB13973,-82.33673513,23.03967802,1
HAB17047,-82.26589807,23.04420831,1
HAB12118,-82.44397654,23.09991474,1
HAB12949,-82.45128676,23.06253554,1
HAB18983,-82.27484831,23.05330914,1
HAB12164,-82.39576666,23.07017748,1
HAB15463,-82.38093747,23.12355294,1
HAB14359,-82.35831214,23.09663832,1
HAB6022,-82.46645206,23.05605332,1
HAB16684,-82.39728577,23.13822858,1
HAB4937,-82.47207574,22.98347082,1
HAB6122,-82.26086213,23.04189447,1
HAB5945,-82.41479678,23.11403135,1
HAB11944,-82.37631421,23.13891147,1
HAB13446,-82.39133014,23.00641655,1
HAB11166,-82.46448139,23.04994042,1
HAB7024,-82.48781213,23.09049414,1
HAB14806,-82.38920605,22.99084545,1
HAB14673,-82.38388969,23.09269071,1
HAB6744,-82.38200791,23.117692,1
HAB9749,-82.38795718,22.97169037,1
HAB3670,-82.37777861,23.13423562,1
HAB3134,-82.3472875,23.09621667,1
HAB11622,-82.40135513,23.13239816,1
HAB16713,-82.36629808,23.0866875,1
HAB9147,-82.23997314,23.13036582,1
HAB8412,-82.28982612,23.06686784,1
HAB9957,-82.41266979,23.00633754,1
HAB9895,-82.46233894,23.08732179,1
HAB2608,-82.38715125,22.9640935,1
HAB13914,-82.37877862,23.10455959,1
HAB12471,-82.36722581,23.09454647,1
HAB16810,-82.3671527,23.12158448,1
HAB15357,-82.39977824,23.12675244,1
HAB12348,-82.39308328,23.14009804,1
HAB10322,-82.29591559,23.065955,1
HAB7779,-82.29787195,23.13328859,1
HAB17423,-82.27329653,23.04931203,1
HAB4196,-82.37196442,23.03671719,1
HAB13740,-82.36938231,22.97361429,1
HAB3082,-82.28950661,23.05179307,1
HAB13417,-82.42905381,23.1000575,1
HAB11585,-82.38076492,23.07908046,1
HAB5310,-82.38816071,23.08551368,1
HAB5722,-82.3645751,23.12908568,1
HAB16325,-82.37745398,23.1368012,1
HAB9584,-82.334875,23.1232816,1
HAB18990,-82.32564134,23.16346482,1
HAB10414,-82.41678569,23.10038928,1
HAB11631,-82.4940802,23.02106108,1
HAB17327,-82.40059875,23.11434482,1
HAB8770,-82.34038962,23.0974969,1
HAB11747,-82.41177629,23.10883521,1
HAB16202,-82.38950087,23.08791396,1
HAB15525,-82.41559178,23.08893287,1
HAB6253,-82.46945216,22.98467887,1
HAB6004,-82.39822318,23.13196314,1
HAB10999,-82.44145046,23.10238234,1
HAB16889,-82.38310302,23.12025874,1
HAB8606,-82.38009076,23.12443736,1
HAB16354,-82.36608961,23.10084053,1
HAB4812,-82.38953675,23.07297535,1
HAB18071,-82.30214132,23.06507399,1
HAB12686,-82.49612147,23.00327152,1
HAB15996,-82.44189338,23.10091501,1
HAB3885,-82.46594383,23.05636733,1
HAB17216,-82.38782191,23.13240336,1
HAB2737,-82.44252458,23.05945933,1
HAB5735,-82.37546052,23.08318144,1
HAB2952,-82.38491966,23.11732186,1
HAB18434,-82.32876493,23.04404674,1
HAB12971,-82.37132026,23.09657065,1
HAB17731,-82.43282345,23.10393529,1
HAB14464,-82.42904015,23.08166309,1
HAB9624,-82.27607206,23.04584887,1
HAB12997,-82.3600073,23.09309288,1
HAB9393,-82.39119084,23.13222833,1
HAB10021,-82.37632606,23.10356216,1
HAB16468,-82.37907328,23.07632714,1
HAB10946,-82.33074976,23.12149321,1
HAB4801,-82.32989587,23.04341812,1
HAB3293,-82.38613209,23.09258719,1
HAB13281,-82.36019856,23.1110274,1
HAB10456,-82.25352646,23.03594208,1
HAB2875,-82.39003334,22.99699304,1
HAB8873,-82.36599665,23.09569978,1
HAB2194,-82.46471227,23.07423055,1
HAB7891,-82.36955999,23.05453609,1
HAB18763,-82.41941286,23.11443918,1
HAB17494,-82.37937821,23.12209757,1
HAB16751,-82.37708761,23.08935983,1
HAB6205,-82.38610477,22.96853993,1
HAB10563,-82.35882713,23.09440135,1
HAB18336,-82.30409752,23.14624017,1
HAB15594,-82.46808959,23.04742317,1
HAB8676,-82.46185346,23.08796084,1
HAB10144,-82.36963643,23.10997049,1
HAB4588,-82.40543591,23.12542951,1
HAB17900,-82.39038738,23.11790777,1
HAB3829,-82.3760791,23.1095067,1
HAB14891,-82.2424729,23.04033425,1
HAB4844,-82.36185089,23.09981525,1
HAB14904,-82.47220947,22.98321706,1
HAB6585,-82.3600681,23.07789191,1
HAB2680,-82.47213437,22.98357263,1
HAB9379,-82.4258153,23.08305808,1
HAB5925,-82.2800131,23.15531068,1
HAB8088,-82.50252916,23.01511724,1
HAB14841,-82.39665418,22.96652897,1
HAB10052,-82.37079216,23.10413999,1
HAB7736,-82.36755814,23.09740225,1
HAB9395,-82.45129173,23.06078212,1
HAB1989,-82.41572292,23.1099929,1
HAB1169,-82.32706524,23.12580132,1
HAB10325,-82.43607957,23.07847023,1
HAB10744,-82.40797861,23.1309455,1
HAB8572,-82.35235764,23.08915422,1
HAB3601,-82.39164127,23.08898973,1
HAB6105,-82.43096425,23.10741797,1
HAB4152,-82.2450292,23.03359692,1
HAB14082,-82.32051803,23.08113673,1
HAB15700,-82.40619837,23.12137209,1
HAB15637,-82.3688425,23.03637048,1
HAB7843,-82.37646774,23.07637635,1
HAB1860,-82.3682685,23.10563842,1
HAB1374,-82.32895501,23.10733561,1
HAB14421,-82.27883829,23.16798602,1
HAB16783,-82.34698836,23.08986353,1
HAB5050,-82.24976136,23.03392682,1
HAB7781,-82.38833947,23.08517761,1
HAB7826,-82.35627073,23.09383371,1
HAB17427,-82.37289107,23.0945371,1
HAB3312,-82.30423881,23.0625272,1
HAB5675,-82.39016203,23.14053154,1
HAB14799,-82.4342723,23.07898176,1
HAB9651,-82.49425186,23.02150049,1
HAB11700,-82.26614542,23.16394172,1
HAB17900,-82.38953675,23.07297535,1
HAB11500,-82.35796882,23.09948052,1
HAB13934,-82.26826234,23.0461891,1
HAB18941,-82.29708727,23.06542222,1
HAB18491,-82.4144025,23.09889827,1
HAB5744,-82.39585281,23.06272553,1
HAB12665,-82.3850778,23.09978417,1
HAB10625,-82.36226482,23.07630234,1
HAB5874,-82.41034333,23.02106158,1
HAB15519,-82.3740411,23.08679353,1
HAB13497,-82.39824539,23.13681568,1
HAB5456,-82.43527075,23.10030378,1
HAB16073,-82.37111574,23.10508517,1
HAB11449,-82.30328539,23.14579125,1
HAB9810,-82.37071691,23.11111881,1
HAB4575,-82.33067466,23.11605883,1
HAB17189,-82.42743866,23.07500267,1
HAB10005,-82.38381548,23.08778319,1
HAB11260,-82.44734004,23.0542575,1
HAB15227,-82.32151492,23.10664497,1
HAB17430,-82.36615837,23.10809692,1
HAB14242,-82.37038266,23.10133478,1
HAB7721,-82.3920808,23.12697201,1
HAB12680,-82.37279874,23.1195819,1
HAB15509,-82.3751135,23.01786667,1
HAB4224,-82.38042354,22.97284989,1
HAB16507,-82.44948273,23.09659557,1
HAB6809,-82.46339826,23.05457876,1
HAB17270,-82.3885551,23.1342248,1
HAB7680,-82.46182396,23.08781825,1
HAB6567,-82.39504768,22.99554321,1
HAB14865,-82.3529478,23.09932224,1
HAB1872,-82.41805059,23.09834177,1
HAB16500,-82.44149447,23.10174089,1
HAB8404,-82.36159148,23.10319774,1
HAB15136,-82.25440777,23.17066008,1
HAB6698,-82.30903493,23.12937349,1
HAB5615,-82.36962955,23.1114335,1
HAB18565,-82.4158415,23.09900189,1
HAB11009,-82.35211844,23.08184081,1
HAB7706,-82.3916753,23.1156069,1
HAB5518,-82.14558481,23.16397298,1
HAB13412,-82.39023508,23.10638114,1
HAB3779,-82.36548973,23.12081485,1
HAB8824,-82.36314767,23.14015067,1
HAB10182,-82.42727566,23.10815247,1
HAB18073,-82.26386247,23.03984579,1
HAB16133,-82.40412754,23.1280646,1
HAB9153,-82.38509132,23.10011211,1
HAB17001,-82.35475126,23.00473869,1
HAB14594,-82.36348076,23.13831545,1
HAB17166,-82.40532594,23.05998551,1
HAB10495,-82.38423301,23.10042791,1
HAB13459,-82.3401375,23.14297943,1
HAB2029,-82.51974899,23.07169831,1
HAB11887,-82.35262586,23.10629465,1
HAB4231,-82.27393883,23.05068464,1
HAB5316,-82.30144448,23.11748897,1
HAB4160,-82.39622758,22.96980522,1
HAB6486,-82.26028498,23.04472056,1
HAB6983,-82.46256945,23.06241611,1
HAB8895,-82.3630972,23.08185543,1
HAB7393,-82.32242942,23.0414156,1
HAB10602,-82.39384605,23.13697616,1
HAB7986,-82.26900014,23.04971962,1
HAB14462,-82.37097217,23.08393156,1
HAB12398,-82.46242477,22.99017041,1
HAB13157,-82.3656286,22.97411211,1
HAB18627,-82.3786862,23.13486978,1
HAB14631,-82.3687303,23.10345924,1
HAB16677,-82.3548956,23.0780289,1
HAB2360,-82.37574758,23.13687026,1
HAB10159,-82.38035019,23.13869287,1
HAB7735,-82.36456437,23.13858429,1
HAB17652,-82.38681627,23.10672769,1
HAB4152,-82.41108097,23.11571601,1
HAB4483,-82.36467787,23.14114069,1
HAB18929,-82.39553354,23.11261494,1
HAB11254,-82.3850778,23.09978417,1
HAB6927,-82.36921117,23.12037579,1
HAB7017,-82.24332112,23.02802667,1
HAB3171,-82.195978,23.12533286,1
HAB12393,-82.44938379,23.06698548,1
HAB8122,-82.30617715,23.08417337,1
HAB16595,-82.39099528,22.97179632,1
HAB6231,-82.34685375,23.061698,1
HAB17238,-82.39118414,23.0885278,1
HAB17659,-82.35702638,23.11125166,1
HAB14769,-82.45324089,23.08322586,1
HAB16418,-82.40450324,23.13343278,1
HAB9701,-82.32119003,23.10990482,1
HAB4630,-82.46403592,23.07265433,1
HAB9890,-82.39227693,23.12942639,1
HAB10947,-82.32755694,23.12676502,1
HAB1151,-82.36659759,23.13224565,1
HAB12412,-82.4193591,23.11100671,1
HAB2620,-82.43564852,23.07108719,1
HAB13548,-82.41951479,23.08404999,1
HAB1853,-82.50077278,23.01761712,1
HAB4725,-82.29178733,23.12980161,1
HAB1431,-82.3303528,23.15664732,1
HAB7463,-82.47127066,23.06071549,1
HAB17655,-82.31319506,23.11631515,1
HAB1678,-82.44576,23.07056146,1
HAB5173,-82.40841044,23.12238988,1
HAB8549,-82.34966156,23.09682934,1
HAB10127,-82.40085482,23.12936993,1
HAB17927,-82.38697959,23.09462505,1
HAB1023,-82.37364243,23.13554239,1
HAB5908,-82.37132026,23.09657065,1
HAB9815,-82.37246348,23.08875286,1
HAB11145,-82.3672154,23.08935435,1
HAB13676,-82.35779716,23.11100661,1
HAB2755,-82.41394526,23.11680276,1
HAB8464,-82.40594818,23.12807683,1
HAB16407,-82.38092573,23.11954021,1
HAB6902,-82.38376094,23.14024996,1
HAB5775,-82.41312293,23.11197946,1
HAB1082,-82.40356637,23.0923897,1
HAB3178,-82.45897288,23.09340622,1
HAB13746,-82.38332106,23.09911538,1
HAB12607,-82.35122921,23.09046826,1
HAB11438,-82.28047377,23.16778813,1
HAB9633,-82.33668889,23.03964687,1
HAB15574,-82.38787888,23.11626637,1
HAB10457,-82.38787813,23.08410921,1
HAB9767,-82.36326194,23.10583849,1
HAB3817,-82.38449043,23.08895341,1
HAB9445,-82.41546593,23.02301255,1
HAB14873,-82.35574259,23.10726337,1
HAB12994,-82.39068104,23.09481256,1
HAB16401,-82.39131583,23.11894503,1
HAB8553,-82.29771082,23.11787189,1
HAB11747,-82.39899589,23.05845767,1
HAB3235,-82.33200118,23.12490504,1
HAB18765,-82.37141071,23.11671871,1
HAB5946,-82.35712024,23.1099739,1
HAB1718,-82.39946259,23.11440055,1
HAB11514,-82.42663337,23.09978386,1
HAB2642,-82.39646388,23.11828885,1
HAB7189,-82.35895603,23.10826005,1
HAB7514,-82.37833033,23.07553489,1
HAB8952,-82.38869084,23.13024733,1
HAB7658,-82.49844147,23.01472774,1
HAB2029,-82.38289901,22.97264482,1
HAB13447,-82.38549573,23.11456487,1
HAB12187,-82.40549319,23.1269383,1
HAB18906,-82.40378044,23.02371115,1
HAB16780,-82.42920153,23.06829264,1
HAB2224,-82.38796784,23.10583781,1
HAB18471,-82.33112316,23.12463362,1
HAB12894,-82.41657185,23.08055104,1
HAB12355,-82.37316556,23.09852599,1
HAB7068,-82.42267908,23.10003923,1
HAB1223,-82.4344887,23.0995671,1
HAB3301,-82.38092141,23.06002714,1
HAB5590,-82.46632236,23.05360123,1
HAB16253,-82.37588061,23.10261871,1
HAB8086,-82.2972593,23.06389073,1
HAB2879,-82.32782079,23.04748734,1
HAB6939,-82.34473123,23.07221316,1
HAB17428,-82.42247058,23.08668027,1
HAB12756,-82.39512636,23.11529575,1
HAB10491,-82.3384164,23.09395117,1
HAB11887,-82.36962955,23.1114335,1
HAB4248,-82.4158398,23.12686739,1
HAB9597,-82.40532594,23.05998551,1
HAB17473,-82.42278172,23.00188363,1
HAB13795,-82.40104331,23.13574785,1
HAB7387,-82.41548611,23.11366102,1
HAB5791,-82.37309648,23.08445465,1
HAB9349,-82.38356708,22.98758186,1
HAB3297,-82.37407369,23.08679356,1
HAB1181,-82.4659248,23.06562365,1
HAB15753,-82.43462078,23.0658014,1
HAB1677,-82.37032844,23.13295082,1
HAB4380,-82.41438558,23.10254136,1
HAB10784,-82.37413768,23.13604917,1
HAB2808,-82.4264778,23.07083864,1
HAB11316,-82.35254264,23.10483215,1
HAB10291,-82.41691305,23.11242757,1
HAB14672,-82.39238147,23.09491207,1
HAB1317,-82.37374289,23.12959442,1
HAB2686,-82.3992963,23.12991199,1
HAB5835,-82.3500724,23.08574265,1
HAB4139,-82.38281129,22.97619494,1
HAB9199,-82.38098754,23.12391308,1
HAB12268,-82.36122727,23.07302655,1
HAB15381,-82.41350128,23.09238375,1
HAB14118,-82.44997932,23.06789712,1
HAB9493,-82.38081967,23.10808628,1
HAB12367,-82.46826816,23.07769876,1
HAB2164,-82.45722455,23.06687053,1
HAB9882,-82.35561866,23.11111771,1
HAB5082,-82.33592684,23.14572296,1
HAB12446,-82.37717034,23.10084417,1
HAB8727,-82.43539291,23.08037345,1
HAB17547,-82.33378172,23.04760142,1
HAB1363,-82.45969428,23.09403291,1
HAB10411,-82.42738147,23.10243963,1
HAB3867,-82.37563921,23.13024745,1
HAB5246,-82.38779729,22.97247211,1
HAB16710,-82.38678219,23.11594869,1
HAB15468,-82.39818922,23.13193098,1
HAB11167,-82.47167317,23.06309456,1
HAB16360,-82.41944933,23.09983486,1
HAB4427,-82.37538564,23.08296981,1
HAB7839,-82.43766488,23.10026495,1
HAB4811,-82.39421762,23.11351463,1
HAB10969,-82.51412276,23.0772942,1
HAB2469,-82.44485753,23.05946621,1
HAB2701,-82.37337645,23.12461569,1
HAB4840,-82.3064089,23.09312156,1
HAB9505,-82.3886089,23.10589174,1
HAB4268,-82.42102851,23.08480928,1
HAB1098,-82.38851186,23.10532137,1
HAB3408,-82.44830428,23.05671161,1
HAB7808,-82.30021793,23.11600907,1
HAB2484,-82.31195225,23.09082875,1
HAB8126,-82.35903634,23.09202948,1
HAB3035,-82.21578724,23.00779155,1
HAB9783,-82.38695189,23.0985828,1
HAB14400,-82.3226073,23.04477732,1
HAB8507,-82.4604568,23.09383123,1
HAB1158,-82.38612129,23.09995421,1
HAB16305,-82.29041139,23.12274561,1
HAB5181,-82.33242171,23.12514895,1
HAB4885,-82.43576642,23.06922351,1
HAB18483,-82.37916632,23.10180457,1
HAB2627,-82.41485838,23.11700286,1
HAB10752,-82.38627884,23.08321255,1
HAB7280,-82.36057025,23.09461858,1
HAB14086,-82.3064912,23.12719257,1
HAB17985,-82.32948376,23.10131936,1
HAB7944,-82.31598236,23.11701216,1
HAB1425,-82.26395256,23.0474321,1
HAB6895,-82.38594231,23.13733645,1
HAB16148,-82.27698757,23.15207671,1
HAB17253,-82.27041079,23.04631744,1
HAB18784,-82.368526,23.10631932,1
HAB12906,-82.37428291,23.08736532,1
HAB8648,-82.36391873,23.08892887,1
HAB17142,-82.38011314,22.98369116,1
HAB11605,-82.21068336,23.12016362,1
HAB13624,-82.21294112,23.14715487,1
HAB3393,-82.4240627,23.0995058,1
HAB6625,-82.37067912,23.12724336,1
HAB16321,-82.29354242,23.12080996,1
HAB8762,-82.37375094,23.1355604,1
HAB9017,-82.37190558,23.08701583,1
HAB9243,-82.27638318,23.17072972,1
HAB15139,-82.37345053,23.10683246,1
HAB5855,-82.34352928,23.09415472,1
HAB3685,-82.35270905,23.10782756,1
HAB7660,-82.32329322,23.0206719,1
HAB6038,-82.30016836,23.16207804,1
HAB12860,-82.36290409,23.11074018,1
HAB10950,-82.38288425,23.09466851,1
HAB11006,-82.34027697,23.0847014,1
HAB16015,-82.36079409,23.09234585,1
HAB14411,-82.38055697,22.97736649,1
HAB18269,-82.44593171,23.0612058,1
HAB2365,-82.46396972,22.9873259,1
HAB14568,-82.4085679,23.12484011,1
HAB12714,-82.29210871,23.12805389,1
HAB9898,-82.41428091,23.11648971,1
HAB5640,-82.32114971,23.1204807,1
HAB18658,-82.36574365,23.11268627,1
HAB13322,-82.38560362,23.13721212,1
HAB2437,-82.37369572,23.12889127,1
HAB3654,-82.36534462,23.1137512,1
HAB7699,-82.42112624,23.08129461,1
HAB8826,-82.38815757,22.97293356,1
HAB10729,-82.36764781,23.10380277,1
HAB6689,-82.37495946,23.04717246,1
HAB12590,-82.38683708,23.09990463,1
HAB14767,-82.39314627,23.06305524,1
HAB3020,-82.33965583,23.10115763,1
HAB10133,-82.35961161,23.14283542,1
HAB16314,-82.36783372,23.13577632,1
HAB3354,-82.43256356,23.06611089,1
HAB10475,-82.36740774,23.10653791,1
HAB1376,-82.36433051,23.07023651,1
HAB7336,-82.38539931,23.13698192,1
HAB2297,-82.38248588,23.05777258,1
HAB3592,-82.48338891,23.05269784,1
HAB5151,-82.45135261,23.06278386,1
HAB11325,-82.38542391,23.11160945,1
HAB16938,-82.42255105,23.08328262,1
HAB7439,-82.39796592,23.11890062,1
HAB13483,-82.41002758,23.10117154,1
HAB3004,-82.36543191,23.08784109,1
HAB9242,-82.39737593,23.13204527,1
HAB16114,-82.51397005,23.07756197,1
HAB6485,-82.36475452,23.10203152,1
HAB18801,-82.3622244,23.09771854,1
HAB5390,-82.46508552,23.05588453,1
HAB18725,-82.4087924,23.00938993,1
HAB18305,-82.37448951,23.12302873,1
HAB17173,-82.38704273,23.085548,1
HAB12730,-82.39855602,23.10720382,1
HAB8814,-82.38860635,23.01203557,1
HAB9503,-82.37703169,23.08890946,1
HAB1630,-82.35856827,23.08062753,1
HAB12935,-82.3878379,22.96899318,1
HAB8341,-82.37966674,22.97949528,1
HAB8389,-82.35737668,23.10671264,1
HAB5875,-82.41942359,22.95840332,1
HAB10585,-82.26648417,23.17243871,1
HAB15121,-82.3587699,23.09563827,1
HAB7526,-82.36784203,23.11189739,1
HAB9958,-82.39308687,23.12083703,1
HAB3751,-82.38950069,23.11426088,1
HAB12092,-82.38876934,23.13146621,1
HAB7842,-82.38247421,22.97486925,1
HAB5169,-82.4422695,23.06677593,1
HAB15059,-82.47665537,23.04200442,1
HAB2483,-82.31191727,23.07988513,1
HAB12796,-82.38354637,23.1009016,1
HAB2406,-82.46010734,23.08637431,1
HAB3481,-82.46565951,23.05626423,1
HAB16281,-82.3908527,23.10529303,1
HAB16266,-82.3789328,23.08425569,1
HAB17132,-82.39587686,23.11693963,1
HAB15798,-82.43140819,23.06526399,1
HAB2829,-82.36110476,23.1029532,1
HAB9121,-82.37068517,23.12812369,1
HAB11489,-82.39161445,22.99459508,1
HAB14126,-82.13044597,23.16752078,1
HAB5729,-82.38264246,23.09064285,1
HAB4559,-82.38244635,23.10523047,1
HAB11361,-82.3272772,23.01682819,1
HAB14045,-82.42485812,23.09623536,1
HAB2973,-82.35510422,23.10722719,1
HAB8590,-82.35367729,23.09711202,1
HAB12019,-82.3553939,23.09426977,1
HAB15766,-82.42536737,23.00447106,1
HAB16773,-82.40189536,23.11500425,1
HAB8381,-82.47693016,23.03693819,1
HAB6781,-82.42722376,23.1039136,1
HAB18543,-82.4296511,23.09806128,1
HAB15181,-82.38642169,23.06473837,1
HAB7419,-82.3750831,23.08972994,1
HAB15999,-82.4419838,23.06624227,1
HAB3034,-82.36168174,23.13763675,1
HAB16051,-82.44981924,23.07295104,1
HAB16444,-82.3746142,23.09739761,1
HAB4535,-82.40607313,23.13354955,1
HAB2898,-82.41467167,23.08353096,1
HAB17145,-82.38480703,23.08329624,1
HAB8258,-82.36591319,23.12938901,1
HAB18848,-82.38108812,23.12738099,1
HAB7248,-82.36885054,23.03636801,1
HAB10979,-82.46148278,23.07241311,1
HAB1315,-82.35795083,23.10367138,1
HAB12931,-82.33485883,23.09564574,1
HAB10502,-82.39206774,23.13138208,1
HAB14067,-82.36614392,23.13991114,1
HAB9254,-82.39202215,23.11348341,1
HAB12529,-82.36479798,23.1028014,1
HAB17067,-82.46509412,23.07015817,1
HAB1771,-82.31381116,23.08967277,1
HAB14109,-82.43608098,23.09956528,1
HAB8260,-82.37073614,23.10636373,1
HAB18343,-82.3826155,22.98872773,1
HAB2837,-82.36710979,23.08680654,1
HAB5588,-82.30281328,23.12656821,1
HAB18284,-82.37758889,23.10850375,1
HAB4851,-82.36580138,23.09771957,1
HAB18391,-82.36133768,22.97095893,1
HAB15852,-82.37206409,23.08344285,1
HAB17852,-82.32174827,23.01908619,1
HAB16094,-82.36379266,23.10077253,1
HAB15004,-82.42162532,23.00288702,1
HAB11924,-82.39656582,22.96628706,1
HAB9551,-82.38781107,23.13239004,1
HAB7225,-82.43080689,23.10261625,1
HAB1850,-82.3879758,23.11382439,1
HAB10737,-82.39224343,23.11503138,1
HAB1808,-82.3690829,23.13469159,1
HAB17244,-82.37295625,23.13884678,1
HAB9770,-82.32706977,23.118427,1
HAB10320,-82.36428811,23.09737848,1
HAB4686,-82.43311833,23.06621136,1
HAB12836,-82.42646303,23.10760246,1
HAB6992,-82.40150213,23.05219673,1
HAB4353,-82.45877783,23.09514974,1
HAB18089,-82.42295875,23.11070362,1
HAB10728,-82.31814338,23.07610952,1
HAB7853,-82.39072932,23.12056851,1
HAB10810,-82.38794733,23.14064715,1
HAB14849,-82.42931218,23.00653686,1
HAB8865,-82.41990337,23.10261909,1
HAB18143,-82.36523582,23.10342792,1
HAB14230,-82.37752137,23.10485605,1
HAB4111,-82.3738644,23.11824622,1
HAB9394,-82.24678589,23.03448041,1
HAB4878,-82.40712624,23.12322974,1
HAB5459,-82.33855609,23.09646537,1
HAB6986,-82.3498389,23.10423569,1
HAB9076,-82.37130959,23.08853572,1
HAB3086,-82.46153428,23.05018743,1
HAB9187,-82.39338488,23.10540427,1
HAB12237,-82.39706214,23.07121392,1
HAB10029,-82.36374406,23.12966533,1
HAB14624,-82.3090612,23.12074443,1
HAB12377,-82.36682011,23.10696075,1
HAB5174,-82.32582739,23.12087985,1
HAB3479,-82.24042839,23.02528036,1
HAB17193,-82.38021481,23.05764089,1
HAB10579,-82.37933534,23.09679606,1
HAB2124,-82.3037131,23.08106435,1
HAB11332,-82.35727163,23.10897372,1
HAB18124,-82.37021613,23.12683079,1
HAB8218,-82.39477946,23.00330573,1
HAB6473,-82.38414718,23.05715707,1
HAB14639,-82.36720677,23.10079122,1
HAB14227,-82.3831038,23.13910389,1
HAB11780,-82.3509307,23.095533,1
HAB17079,-82.51412276,23.0772942,1
HAB9423,-82.44519979,23.06174497,1
HAB5254,-82.46287455,23.05687904,1
HAB9229,-82.30374144,23.08104308,1
HAB18618,-82.42568918,23.0958251,1
HAB6797,-82.38094152,23.12067369,1
HAB1434,-82.3796159,23.12318338,1
HAB3443,-82.35716402,23.07647772,1
HAB3841,-82.38023786,23.13739793,1
HAB1897,-82.39230696,23.11505869,1
HAB5019,-82.36661399,23.08529305,1
HAB12749,-82.35350563,23.00644617,1
HAB7090,-82.32675663,23.09870459,1
HAB7645,-82.37614973,23.12001767,1
HAB15138,-82.36588762,23.07350317,1
HAB16507,-82.29176922,23.1279208,1
HAB11254,-82.38200289,23.08739342,1
HAB15488,-82.38104591,23.1273223,1
HAB17942,-82.38641097,23.11058312,1
HAB17776,-82.3825164,23.09095373,1
HAB5277,-82.45864573,23.09573859,1
HAB17017,-82.37711711,23.1273874,1
HAB2779,-82.33262731,23.09730816,1
HAB12407,-82.33586478,23.07158747,1
HAB12377,-82.37294501,23.10350935,1
HAB1046,-82.37389488,23.12605952,1
HAB17977,-82.22596261,23.0925492,1
HAB15328,-82.41973831,23.12490963,1
HAB7198,-82.35659285,23.07905085,1
HAB14634,-82.3879462,23.09457624,1
HAB15323,-82.37420059,23.12707074,1
HAB11134,-82.36098632,23.09944771,1
HAB3697,-82.28209986,23.1516887,1
HAB5632,-82.46667137,23.06574252,1
HAB18294,-82.27642478,23.15850417,1
HAB3244,-82.38114549,23.10995041,1
HAB14639,-82.36772804,23.13370743,1
HAB15094,-82.38428129,22.97525088,1
HAB1963,-82.45541016,23.01140739,1
HAB3027,-82.254398,23.17136673,1
HAB2842,-82.34799883,23.07946775,1
HAB1561,-82.36984687,23.08577027,1
HAB14260,-82.42402921,23.09638195,1
HAB17294,-82.39882351,23.10835726,1
HAB8983,-82.39963359,23.00958345,1
HAB18813,-82.40368676,23.12185033,1
HAB6641,-82.38501325,23.05632534,1
HAB12301,-82.4189703,23.09175808,1
HAB9088,-82.37215234,23.12115033,1
HAB3858,-82.43208031,23.10250853,1
HAB14496,-82.39454247,23.11497162,1
HAB13153,-82.34730896,23.09623582,1
HAB14987,-82.36803798,23.08997173,1
HAB1159,-82.3040752,23.1256151,1
HAB1425,-82.46766044,23.03268694,1
HAB12792,-82.27166869,23.05231608,1
HAB15898,-82.37286045,23.09458558,1
HAB6236,-82.3738644,23.11824622,1
HAB8617,-82.38778068,23.09415792,1
HAB13823,-82.51436338,23.07837903,1
HAB3673,-82.37881227,23.09200974,1
HAB17495,-82.41572215,23.11251638,1
HAB5141,-82.38940306,23.12315806,1
HAB12208,-82.47134043,22.98382944,1
HAB14992,-82.32332541,23.15949318,1
HAB17744,-82.34692479,23.09713432,1
HAB18902,-82.38895104,23.10344773,1
HAB7233,-82.40081946,23.06056711,1
HAB12890,-82.37029918,23.13715172,1
HAB5041,-82.36675552,23.10290452,1
HAB13843,-82.26444556,23.04230913,1
HAB15331,-82.46589003,23.01905021,1
HAB7377,-82.3957573,23.06273993,1
HAB7818,-82.30262948,23.1459045,1
HAB1374,-82.3886023,23.10619118,1
HAB6227,-82.40054084,23.10674365,1
HAB11966,-82.40073396,23.12826429,1
HAB14898,-82.26641852,23.04011923,1
HAB1299,-82.38045521,23.12295378,1
HAB15760,-82.32519759,23.02308532,1
HAB17148,-82.4706216,23.09168652,1
HAB3752,-82.45976402,23.08479516,1
HAB8308,-82.42508966,23.0036313,1
HAB12741,-82.37012454,23.06429898,1
HAB12857,-82.38396479,22.97852532,1
HAB14620,-82.37917705,23.08412648,1
HAB7104,-82.42355668,23.08576254,1
HAB14257,-82.39741098,23.10696557,1
HAB17956,-82.41663678,23.09048247,1
HAB16902,-82.4328552,23.09730616,1
HAB2483,-82.30603142,23.16147476,1
HAB6740,-82.3700857,22.97370994,1
HAB11685,-82.36496539,23.13152451,1
HAB8673,-82.39715951,23.11866339,1
HAB17674,-82.41956575,23.10910704,1
HAB9776,-82.42181176,23.1125499,1
HAB18373,-82.39921535,23.12836364,1
HAB13038,-82.38630546,22.97344834,1
HAB11580,-82.34266742,23.08554744,1
HAB4613,-82.43230675,23.07809924,1
HAB13587,-82.37563921,23.10303319,1
HAB18010,-82.4050094,23.13174467,1
HAB10643,-82.3200832,23.1112383,1
HAB8646,-82.37023945,23.08835932,1
HAB14446,-82.37198336,23.08637184,1
HAB2872,-82.4625106,23.08455829,1
HAB16484,-82.36098362,23.09593762,1
HAB17094,-82.36792789,23.11884701,1
HAB5151,-82.37838311,22.97751893,1
HAB14217,-82.34391088,23.05938556,1
HAB2147,-82.38674356,23.10113894,1
HAB15406,-82.37228109,23.05781848,1
HAB7541,-82.38995769,23.0886836,1
HAB15394,-82.44118883,23.10395423,1
HAB1816,-82.36641004,23.09075657,1
HAB14875,-82.32921375,23.10114831,1
HAB8913,-82.36663409,23.11121225,1
HAB12919,-82.40895708,23.00718409,1
HAB10378,-82.41332789,23.1018015,1
HAB4247,-82.39793108,23.06744418,1
HAB1399,-82.2938533,23.15315526,1
HAB3882,-82.27947105,23.04838575,1
HAB12760,-82.42169483,23.10022082,1
HAB6220,-82.36993446,23.13049468,1
HAB4717,-82.40443273,23.12809656,1
HAB18511,-82.3825879,23.13846323,1
HAB1102,-82.39666243,23.13069051,1
HAB12020,-82.32930495,23.09730117,1
HAB12628,-82.38767697,23.05492604,1
HAB7755,-82.39740802,23.13117489,1
HAB7320,-82.35706627,23.08961933,1
HAB1824,-82.3333655,23.12559886,1
HAB10600,-82.35127403,23.09600671,1
HAB11560,-82.368505,23.08852012,1
HAB9067,-82.33600302,23.04179427,1
HAB9637,-82.35466434,23.08291003,1
HAB17008,-82.30279455,23.11749269,1
HAB11948,-82.43201925,23.07670174,1
HAB7213,-82.40928966,23.12564555,1
HAB10523,-82.45959236,23.0874797,1
HAB6305,-82.42240741,23.08385268,1
HAB5238,-82.36802858,23.12872079,1
HAB9221,-82.40952926,23.00303523,1
HAB11020,-82.38677252,23.09432762,1
HAB4615,-82.30949231,23.12827984,1
HAB5205,-82.41893536,23.10734067,1
HAB14539,-82.45021626,23.06255735,1
HAB4952,-82.37367867,23.11785663,1
HAB10774,-82.36926629,23.11217594,1
HAB13590,-82.36987068,23.10279634,1
HAB3511,-82.36720767,23.13916744,1
HAB4876,-82.39366902,23.14069555,1
HAB1267,-82.36641957,23.10363845,1
HAB1034,-82.45665839,23.06784361,1
HAB13602,-82.32636234,23.08361942,1
HAB18385,-82.29705764,23.05952956,1
HAB8865,-82.3855269,23.14111714,1
HAB11824,-82.3870926,23.00117268,1
HAB13592,-82.32119003,23.10990482,1
HAB17054,-82.36840534,23.12519939,1
HAB1103,-82.38396601,23.05563975,1
HAB7660,-82.26518396,23.04579939,1
HAB15563,-82.4157209,23.12488574,1
HAB4732,-82.29077345,23.10641368,1
HAB10246,-82.35458692,23.09060797,1
HAB7076,-82.14314534,23.16916472,1
HAB6348,-82.38326177,22.98710689,1
HAB4792,-82.43743195,23.09894268,1
HAB1002,-82.35184668,23.09991597,1
HAB16060,-82.3700352,23.13512279,1
HAB9265,-82.32724143,23.10287529,1
HAB1197,-82.40489578,23.13718202,1
HAB17394,-82.37960403,23.14044938,1
HAB10236,-82.37086488,23.1388408,1
HAB4298,-82.43216427,23.06946364,1
HAB13834,-82.30891122,23.07648459,1
HAB10480,-82.39343143,23.01209793,1
HAB14316,-82.38289191,22.97483601,1
HAB1589,-82.35189798,23.08848159,1
HAB14754,-82.38764478,23.14485632,1
HAB17474,-82.39303066,23.13563439,1
HAB16300,-82.37303211,23.12421895,1
HAB6213,-82.36554416,23.07165642,1
HAB3068,-82.33459069,23.12225544,1
HAB17999,-82.36068721,23.10933066,1
HAB3448,-82.37275604,23.08333827,1
HAB3071,-82.42577717,23.08440143,1
HAB18818,-82.37586988,23.10318861,1
HAB11730,-82.37403901,23.08232825,1
HAB16321,-82.36157371,23.13595011,1
HAB17969,-82.38296172,23.12000318,1
HAB8260,-82.37253757,23.1047785,1
HAB4593,-82.37602625,23.13434476,1
HAB1065,-82.39153933,23.11534814,1
HAB9600,-82.40573628,23.11988867,1
HAB6613,-82.42697976,23.0627627,1
HAB15574,-82.47107221,22.98386895,1
HAB15143,-82.3953094,23.06395071,1
HAB8699,-82.39540178,23.12656343,1
HAB5003,-82.37420566,23.0649863,1
HAB6402,-82.47127066,23.06071549,1
HAB2509,-82.36475452,23.10203152,1
HAB6591,-82.35853207,23.06794821,1
HAB17986,-82.37027023,23.08241153,1
HAB13060,-82.37090579,23.08340198,1
HAB6093,-82.34183265,23.01655828,1
HAB12097,-82.41842239,23.11452939,1
HAB9212,-82.38325062,22.98640422,1
HAB4531,-82.45231552,23.090531,1
HAB9363,-82.42491676,23.10500685,1
HAB1222,-82.37883797,23.115293,1
HAB6252,-82.28186919,23.1645633,1
HAB2536,-82.39527656,22.96610871,1
HAB15783,-82.4633099,23.07001442,1
HAB3782,-82.4323412,23.10309519,1
HAB13146,-82.43669702,23.09784379,1
HAB2853,-82.25632347,23.03814795,1
HAB15049,-82.37841792,23.13930133,1
HAB16542,-82.43744804,23.07389853,1
HAB11594,-82.23935081,23.1454211,1
HAB16071,-82.33726671,23.09640025,1
HAB10149,-82.36051888,23.10621381,1
HAB11195,-82.43632151,23.07285225,1
HAB5667,-82.33208077,23.12777957,1
HAB4193,-82.38962461,23.08218587,1
HAB8281,-82.37665211,23.09051619,1
HAB15587,-82.42480947,23.09573038,1
HAB2683,-82.3726566,23.131905,1
HAB10311,-82.27853252,23.1549013,1
HAB4401,-82.42329072,23.0757504,1
HAB15986,-82.29970051,23.15930083,1
HAB12891,-82.41263492,23.02448252,1
HAB14366,-82.1380706,23.16570257,1
HAB10653,-82.38933013,23.05905059,1
HAB8327,-82.38638183,22.99802118,1
HAB3688,-82.3850778,23.09978417,1
HAB4496,-82.38594963,22.96994148,1
HAB4431,-82.31984927,23.10836201,1
HAB13626,-82.39588709,22.96814484,1
HAB18793,-82.46182978,23.07214151,1
HAB7512,-82.38683172,23.09416093,1
HAB14851,-82.40100715,23.12790658,1
HAB17244,-82.38171792,22.98818595,1
HAB5262,-82.38708196,23.09234386,1
HAB7121,-82.46153447,23.07166082,1
HAB15117,-82.40430666,23.13813047,1
HAB7414,-82.401969,23.11614141,1
HAB9634,-82.36088223,23.10655518,1
HAB13621,-82.4104972,23.05036513,1
HAB8117,-82.38920605,22.99084545,1
HAB10931,-82.37055375,23.09482396,1
HAB9802,-82.372324,23.11651397,1
HAB1444,-82.37402999,23.12032643,1
HAB18096,-82.32581714,23.10975396,1
HAB5315,-82.38754822,23.0560613,1
HAB2517,-82.42952326,23.08466978,1
HAB7506,-82.34967007,23.10000356,1
HAB13812,-82.30885002,23.07637036,1
HAB13024,-82.32977302,23.11993675,1
HAB13374,-82.34830267,23.06034002,1
HAB4265,-82.36399822,23.06007062,1
HAB3650,-82.44241549,23.05911167,1
HAB12789,-82.32639743,23.1611816,1
HAB13854,-82.4119724,23.02071,1
HAB4032,-82.38004554,23.09472968,1
HAB11410,-82.29881002,23.16682704,1
HAB18346,-82.37663411,23.11069824,1
HAB16821,-82.45838,23.06169307,1
HAB14487,-82.36969256,23.13952458,1
HAB7357,-82.30533984,23.16533138,1
HAB10066,-82.39343131,23.00057219,1
HAB2139,-82.37353884,23.09414845,1
HAB10220,-82.36850026,23.12049263,1
HAB17401,-82.35891557,23.14469551,1
HAB1807,-82.43741547,23.07572752,1
HAB17302,-82.37616493,23.11999588,1
HAB16130,-82.36737806,23.1152423,1
HAB4674,-82.3651995,23.13392771,1
HAB12780,-82.36629216,23.13560174,1
HAB13571,-82.39396407,23.11391265,1
HAB16501,-82.35707296,23.1100445,1
HAB13752,-82.42555799,23.10801341,1
HAB13897,-82.41796447,23.11710108,1
HAB15017,-82.47112764,22.98393891,1
HAB10464,-82.37143759,23.12160428,1
HAB1694,-82.38659637,22.96905165,1
HAB16043,-82.35878567,23.0989935,1
HAB1349,-82.42130144,23.08971021,1
HAB9843,-82.37678581,23.06511072,1
HAB7139,-82.2821489,23.15436224,1
HAB12538,-82.44356594,23.06393973,1
HAB17585,-82.32080918,23.06876786,1
HAB1564,-82.39930434,23.14215812,1
HAB12833,-82.3799687,23.09795052,1
HAB10322,-82.34972907,23.09490139,1
HAB6122,-82.48204561,23.08955018,1
HAB14646,-82.4665474,23.05536405,1
HAB1587,-82.38295741,23.07648974,1
HAB1590,-82.39282744,23.11447487,1
HAB9237,-82.38015291,23.09766334,1
HAB11869,-82.38565893,23.11855815,1
HAB14642,-82.40622766,23.12459177,1
HAB17638,-82.4046929,23.11002157,1
HAB3533,-82.38519724,22.9665296,1
HAB14359,-82.37847995,23.10044446,1
HAB16400,-82.37599327,23.09005562,1
HAB1746,-82.24742656,23.04566052,1
HAB7448,-82.3913355,23.11903876,1
HAB2478,-82.38006753,23.08939435,1
HAB11105,-82.40421506,23.11574204,1
HAB17637,-82.37428269,23.09882227,1
HAB14579,-82.32841624,23.10977806,1
HAB1771,-82.32582739,23.12087985,1
HAB2102,-82.38564437,23.09993136,1
HAB1305,-82.40222527,23.13403509,1
HAB3867,-82.38064896,23.12560327,1
HAB5266,-82.41774608,23.10616232,1
HAB9434,-82.38786945,23.09469209,1
HAB10770,-82.38832606,23.09610046,1
HAB1854,-82.38106102,22.98817083,1
HAB4029,-82.3843725,22.99944756,1
HAB10174,-82.427999,23.05820129,1
HAB4437,-82.38816408,23.08490554,1
HAB4046,-82.38426426,23.11303874,1
HAB11566,-82.38549186,23.08221584,1
HAB6415,-82.37506332,23.13379998,1
HAB1126,-82.45934559,23.03142387,1
HAB11593,-82.39385748,23.00402947,1
HAB11526,-82.36968177,23.10005873,1
HAB8388,-82.40527823,23.12284452,1
HAB14118,-82.36944526,23.0863991,1
HAB10742,-82.42082565,23.08535033,1
HAB9802,-82.35799205,23.11023262,1
HAB18174,-82.39470436,23.13516083,1
HAB14625,-82.41575313,23.09003699,1
HAB1440,-82.35968543,23.09146138,1
HAB5665,-82.40222875,22.98839375,1
HAB7233,-82.39228058,23.08823194,1
HAB17372,-82.3881553,23.13081148,1
HAB2418,-82.25719286,23.04358765,1
HAB11642,-82.38515611,23.09327094,1
HAB5872,-82.4732138,23.06138979,1
HAB6017,-82.42229892,23.10316148,1
HAB11075,-82.29159918,23.06064997,1
HAB10314,-82.3992963,23.11671337,1
HAB7685,-82.39261792,23.11675279,1
HAB13413,-82.39471508,23.09013458,1
HAB5516,-82.2939579,23.05999271,1
HAB12088,-82.42605833,23.07327094,1
HAB4054,-82.37289107,23.0945371,1
HAB18468,-82.3825164,23.079268,1
HAB9500,-82.35853741,23.09047747,1
HAB13438,-82.37178463,23.11074144,1
HAB3371,-82.37289107,23.0945371,1
HAB6618,-82.43208031,23.10250853,1
HAB18943,-82.38217307,23.10113844,1
HAB4174,-82.44313432,23.0560613,1
HAB7177,-82.35478236,23.09471387,1
HAB10318,-82.32432174,23.07594246,1
HAB1078,-82.38560631,23.10116476,1
HAB1306,-82.37345908,23.05801559,1
HAB5833,-82.38697959,23.13089863,1
HAB13907,-82.38334106,23.0991483,1
HAB6791,-82.38624467,22.97180103,1
HAB11876,-82.38107382,22.96987807,1
HAB9116,-82.43286366,23.10250939,1
HAB10060,-82.37601293,23.09674194,1
HAB2167,-82.39540709,23.05892723,1
HAB17922,-82.4562461,23.03675686,1
HAB18581,-82.4113877,23.1169765,1
HAB12260,-82.35263659,23.10332924,1
HAB1905,-82.36981627,23.12662436,1
HAB2061,-82.24497617,23.02812179,1
HAB5935,-82.39787795,23.13001838,1
HAB7188,-82.39264442,23.1152645,1
HAB13599,-82.33170463,23.12283362,1
HAB6959,-82.4754264,23.05977224,1
HAB15703,-82.37536026,23.10752816,1
HAB3032,-82.42452918,23.00233791,1
HAB5490,-82.38981427,23.07120341,1
HAB13067,-82.42417647,23.0001751,1
HAB8767,-82.33670427,23.09531588,1
HAB5395,-82.31797172,23.01892819,1
HAB13730,-82.34150006,23.09771402,1
HAB18666,-82.36140803,23.10482052,1
HAB16196,-82.37695628,23.1234332,1
HAB15322,-82.38366143,23.11648541,1
HAB7723,-82.3775016,23.13750518,1
HAB16348,-82.40928966,23.12564555,1
HAB6516,-82.28956176,23.12047937,1
HAB11813,-82.30132057,23.1220581,1
HAB16246,-82.37548638,23.1062873,1
HAB11858,-82.3988886,23.06147096,1
HAB5946,-82.3583246,23.08960886,1
HAB18318,-82.45996243,23.09481041,1
HAB18286,-82.38112165,23.1251563,1
HAB7799,-82.41447434,23.11174905,1
HAB7600,-82.36599399,23.1073086,1
HAB7153,-82.3841131,23.09327348,1
HAB7902,-82.36893369,23.08288042,1
HAB9863,-82.39245938,23.08958162,1
HAB12908,-82.44690014,23.05160903,1
HAB3025,-82.45802708,23.03110709,1
HAB5709,-82.38608366,23.118155,1
HAB1595,-82.47135485,22.98326505,1
HAB10900,-82.32571794,23.09300653,1
HAB7820,-82.47782601,23.02861479,1
HAB3167,-82.35649897,23.10002823,1
HAB9889,-82.35305303,23.1074456,1
HAB11350,-82.37302063,23.11978473,1
HAB17450,-82.29843755,23.15660555,1
HAB8757,-82.38486525,23.11461509,1
HAB5062,-82.25963311,23.04543797,1
HAB11267,-82.40198206,23.00719452,1
HAB18075,-82.37358354,23.12086806,1
HAB11486,-82.35836165,23.05884377,1
HAB11067,-82.39371115,23.08779268,1
HAB13748,-82.34100949,23.06165281,1
HAB12176,-82.36059511,23.10157532,1
HAB9933,-82.38782325,23.13240362,1
HAB18254,-82.33353127,23.12512252,1
HAB12681,-82.29244245,23.1092896,1
HAB8133,-82.40713908,23.09918446,1
HAB9268,-82.29852855,23.1570721,1
HAB9701,-82.45959772,23.09396383,1
HAB6547,-82.35929487,23.07602319,1
HAB16107,-82.36927749,23.13272946,1
HAB8795,-82.38956256,23.0910993,1
HAB15212,-82.38934303,23.10427289,1
HAB6422,-82.38313597,23.08459778,1
HAB12458,-82.26028813,23.04440215,1
HAB6781,-82.4215479,23.0582627,1
HAB11234,-82.31859936,23.09445975,1
HAB10364,-82.3315437,23.10736561,1
HAB5816,-82.47193052,22.98355288,1
HAB1920,-82.47693744,23.08269069,1
HAB2484,-82.29133024,23.1142613,1
HAB12447,-82.39024116,22.97515704,1
HAB1195,-82.40547611,23.10313187,1
HAB1582,-82.41824851,23.10145604,1
HAB9322,-82.32784543,23.08562512,1
HAB2438,-82.30788042,23.1220492,1
HAB12905,-82.37267001,23.09351972,1
HAB13274,-82.38659637,22.96905165,1
HAB15350,-82.38637878,23.10614416,1
HAB11788,-82.44877769,23.04985177,1
HAB16852,-82.32037498,23.02019213,1
HAB9386,-82.43600557,23.10174602,1
HAB11482,-82.36657975,23.10007478,1
HAB15763,-82.36806185,23.10672013,1
HAB13000,-82.44184597,23.099094,1
HAB1542,-82.35836311,23.0993769,1
HAB9037,-82.37656189,23.1398767,1
HAB6085,-82.36072797,23.10865376,1
HAB8678,-82.3201376,23.0196009,1
HAB12029,-82.46972038,23.0322656,1
HAB3426,-82.27660133,23.04887441,1
HAB13953,-82.32357083,23.07752468,1
HAB16334,-82.37110738,23.09942703,1
HAB13380,-82.36766246,23.09256852,1
HAB2007,-82.36436925,23.10354361,1
HAB17070,-82.42895932,23.00629405,1
HAB1728,-82.35662473,23.11117443,1
HAB4158,-82.3750384,23.10858898,1
HAB1937,-82.41519174,23.10845676,1
HAB7613,-82.35105945,23.1066055,1
HAB3339,-82.42707639,23.0627546,1
HAB10817,-82.39087901,23.12318198,1
HAB1283,-82.3622244,23.09771854,1
HAB3642,-82.41781427,23.11508622,1
HAB4381,-82.41488357,23.10221568,1
HAB13259,-82.39632441,22.96586422,1
HAB14951,-82.33282301,23.12722766,1
HAB4384,-82.41640879,23.02453436,1
HAB12365,-82.34933515,23.09365051,1
HAB4346,-82.37815628,23.06599039,1
HAB9601,-82.39107396,23.01544054,1
HAB12125,-82.37493621,23.07060904,1
HAB16100,-82.37242516,23.11976919,1
HAB11188,-82.36737801,23.11716398,1
HAB8923,-82.3750384,23.12772043,1
HAB14220,-82.48517527,23.04370119,1
HAB18828,-82.36547901,23.05127337,1
HAB12841,-82.277178,23.05074048,1
HAB4219,-82.4236563,23.11444933,1
HAB18411,-82.35926942,23.09266953,1
HAB13075,-82.41996673,23.10398732,1
HAB15753,-82.37353368,23.13407556,1
HAB8646,-82.35831749,23.09930288,1
HAB8522,-82.38086446,22.99434763,1
HAB5842,-82.49909303,23.01740715,1
HAB11067,-82.39350273,23.10990141,1
HAB4603,-82.44004437,23.1082939,1
HAB18486,-82.40100715,23.12790658,1
HAB11886,-82.37049474,23.12880695,1
HAB2558,-82.34655682,23.09444661,1
HAB11747,-82.42220787,23.09447971,1
HAB13861,-82.36912681,23.13531868,1
HAB2897,-82.4438075,23.06975478,1
HAB11439,-82.2655071,23.04678324,1
HAB12515,-82.48480539,23.08676817,1
HAB17802,-82.38555645,23.11658418,1
HAB9184,-82.39030553,23.12858002,1
HAB3202,-82.46348921,23.04920318,1
HAB3657,-82.42062024,23.1067848,1
HAB17295,-82.37590865,23.09576625,1
HAB4405,-82.31330004,23.11588788,1
HAB18159,-82.42797601,23.06833575,1
HAB9687,-82.42098647,23.09006666,1
HAB5516,-82.37387811,23.11359107,1
HAB15908,-82.38012253,22.97092189,1
HAB8770,-82.14946833,23.16415712,1
HAB10992,-82.33156868,23.07802945,1
HAB14685,-82.36516468,23.11167679,1
HAB17142,-82.15005168,23.15435261,1
HAB5600,-82.37939632,22.96880657,1
HAB3863,-82.31874455,23.01923574,1
HAB7734,-82.17772438,23.13326653,1
HAB17772,-82.27102525,23.0467438,1
HAB13164,-82.39230736,23.11505761,1
HAB8160,-82.35144569,23.09395396,1
HAB2702,-82.32522956,23.10943343,1
HAB14378,-82.30714685,23.08341638,1
HAB14754,-82.36963643,23.10247562,1
HAB15019,-82.4662039,23.0476481,1
HAB16521,-82.35934021,23.09803559,1
HAB5215,-82.32600197,23.08145469,1
HAB5592,-82.4047777,23.00834322,1
HAB9346,-82.45918842,23.06885889,1
HAB16144,-82.3054799,23.12736394,1
HAB8240,-82.42631141,23.10948513,1
HAB5335,-82.40113629,22.97176893,1
HAB14013,-82.35042541,23.09666442,1
HAB16185,-82.39326138,23.11795573,1
HAB14403,-82.36044756,23.1391212,1
HAB15611,-82.38054827,22.98798393,1
HAB5455,-82.44559753,23.06941779,1
HAB18143,-82.34600648,23.09231312,1
HAB11226,-82.12020351,23.15989926,1
HAB7811,-82.38708688,23.08576486,1
HAB3349,-82.35273315,23.07849812,1
HAB2085,-82.37598186,23.10823221,1
HAB11764,-82.3927691,23.11369104,1
HAB16977,-82.46354057,23.09101788,1
HAB8561,-82.42929949,23.00423158,1
HAB8230,-82.37370802,23.1355752,1
HAB8557,-82.35860558,23.08266328,1
HAB8938,-82.47030406,23.05981614,1
HAB18701,-82.39389824,23.07071758,1
HAB18937,-82.35245889,23.05678455,1
HAB15921,-82.23896119,23.13041397,1
HAB2847,-82.17875434,23.12916215,1
HAB6719,-82.3730434,23.11975933,1
HAB16496,-82.37284122,23.08604517,1
HAB11952,-82.3974724,23.11607857,1
HAB14489,-82.384748,23.09948052,1
HAB14042,-82.38939479,23.10741288,1
HAB18534,-82.35955162,23.09993818,1
HAB16768,-82.3953094,23.06395071,1
HAB8774,-82.36996714,23.0841431,1
HAB1458,-82.35850305,23.07688909,1
HAB17622,-82.45129431,23.06149341,1
HAB16915,-82.40474842,23.13439273,1
HAB10165,-82.38208724,23.10434074,1
HAB14533,-82.44286233,23.10473927,1
HAB11016,-82.44203452,23.06328382,1
HAB14059,-82.31936647,23.01853321,1
HAB10249,-82.41703375,23.11959133,1
HAB10629,-82.41957405,23.08098897,1
HAB7542,-82.35589453,23.07759971,1
HAB6520,-82.465995,23.05422625,1
HAB15238,-82.37741632,23.14276512,1
HAB4561,-82.44416621,23.09688771,1
HAB8489,-82.42407719,23.07719905,1
HAB18774,-82.36687912,23.1359482,1
HAB15809,-82.39726578,23.12504436,1
HAB3210,-82.3229499,23.01940217,1
HAB12260,-82.35944731,23.1109929,1
HAB5602,-82.36612274,23.05840091,1
HAB8021,-82.36542802,23.08783286,1
HAB12917,-82.39463383,23.13277225,1
HAB1504,-82.3261855,23.15795005,1
HAB3598,-82.39080683,23.13426149,1
HAB6408,-82.39038738,23.11790777,1
HAB11964,-82.4630685,23.06288586,1
HAB2920,-82.38259279,23.11816733,1
HAB13759,-82.29973894,23.06637152,1
HAB17796,-82.37114308,23.11046093,1
HAB15076,-82.35539003,23.08982196,1
HAB4222,-82.3239155,23.09317459,1
HAB15079,-82.33966747,23.06754257,1
HAB1512,-82.36346198,23.13074077,1
HAB3385,-82.51589729,23.07640563,1
HAB1192,-82.37749623,23.05525479,1
HAB8296,-82.39561809,23.13952369,1
HAB4706,-82.36762989,23.08445064,1
HAB5597,-82.37326014,23.128593,1
HAB4741,-82.43275297,23.07625077,1
HAB2711,-82.26575141,23.05176096,1
HAB14215,-82.42166671,23.00283028,1
HAB9183,-82.32773496,23.04890403,1
HAB10883,-82.35972313,23.1390264,1
HAB15746,-82.41993111,23.10557321,1
HAB5743,-82.39192564,23.11974755,1
HAB9174,-82.43221035,23.10623781,1
HAB2546,-82.42649885,23.07813977,1
HAB9234,-82.42022826,23.0567622,1
HAB10378,-82.38426746,22.9723827,1
HAB11900,-82.37075379,23.11989858,1
HAB7331,-82.39195777,22.99127659,1
HAB15123,-82.37391773,23.09816337,1
HAB6478,-82.36057019,23.10260458,1
HAB14771,-82.26896575,23.10744642,1
HAB17517,-82.4210061,23.0880694,1
HAB5758,-82.38003164,23.13006393,1
HAB1855,-82.42917308,23.07406384,1
HAB7184,-82.43060419,23.07040002,1
HAB5837,-82.3554031,23.07780004,1
HAB13349,-82.30165906,23.12433442,1
HAB3243,-82.37315932,23.03919938,1
HAB12635,-82.29643219,23.15696378,1
HAB8891,-82.39373608,23.06504623,1
HAB6591,-82.38497502,23.00018746,1
HAB14183,-82.37628831,23.0817059,1
HAB13995,-82.35131956,23.09019763,1
HAB8946,-82.38252864,23.09819628,1
HAB9252,-82.37611665,23.10664497,1
HAB11151,-82.43049575,23.10613183,1
HAB7442,-82.44416621,23.09688771,1
HAB11773,-82.25492908,23.03720477,1
HAB7886,-82.37471542,23.10072561,1
HAB3250,-82.42112624,23.08129461,1
HAB12391,-82.36833288,23.10930769,1
HAB12710,-82.33548194,23.04614162,1
HAB8750,-82.36144666,23.08783265,1
HAB2943,-82.3932503,23.1178768,1
HAB2601,-82.23179771,23.10800676,1
HAB15472,-82.30283812,23.06135672,1
HAB17445,-82.35914899,23.09185677,1
HAB17609,-82.25288748,23.03353505,1
HAB1425,-82.45892717,23.06862757,1
HAB17197,-82.32324182,23.12576198,1
HAB4025,-82.23091258,23.10691388,1
HAB5392,-82.38009076,23.12443736,1
HAB18504,-82.2793454,23.1642453,1
HAB15938,-82.42022021,23.09996161,1
HAB10833,-82.32792808,23.09742782,1
HAB6447,-82.36556819,23.12062491,1
HAB2083,-82.38327445,23.09916289,1
HAB15655,-82.43284472,23.09955564,1
HAB1178,-82.40752514,23.12581334,1
HAB16674,-82.38766089,23.09731553,1
HAB17158,-82.35616638,23.11120397,1
HAB13700,-82.38514496,23.09890813,1
HAB7863,-82.42957614,23.07366252,1
HAB4776,-82.3567457,23.07258239,1
HAB7797,-82.42603816,23.12251097,1
HAB15830,-82.37820341,23.08057085,1
HAB10655,-82.37181523,23.09911239,1
HAB12930,-82.38153574,23.12938517,1
HAB7819,-82.3799631,23.02979551,1
HAB2800,-82.27374007,23.04874607,1
HAB17357,-82.40002586,23.1203215,1
HAB14684,-82.38303138,22.97884469,1
HAB11725,-82.4404414,23.09985657,1
HAB9617,-82.36168174,23.13763675,1
HAB13648,-82.38732292,23.13436892,1
HAB9730,-82.42312606,23.0859839,1
HAB18368,-82.37919046,23.09063298,1
HAB5784,-82.33284189,23.045577,1
HAB1224,-82.38844944,23.13029185,1
HAB5574,-82.51415922,23.07752157,1
HAB8478,-82.32706524,23.12580132,1
HAB17554,-82.31116964,23.123252,1
HAB18715,-82.35355547,23.09689902,1
HAB14358,-82.33135415,23.10423712,1
HAB17980,-82.39630832,23.0602432,1
HAB11104,-82.24768711,23.03569909,1
HAB11065,-82.38361566,23.08418397,1
HAB10032,-82.38976663,23.13856639,1
HAB5571,-82.42805226,23.10207101,1
HAB11772,-82.39038738,23.11790777,1
HAB16382,-82.42027083,23.05777359,1
HAB18966,-82.37593918,23.01620087,1
HAB8649,-82.36481918,23.04586824,1
HAB7857,-82.3721049,23.03952005,1
HAB8976,-82.38177611,23.12201863,1
HAB17848,-82.4375013,23.09816567,1
HAB5054,-82.38706542,23.11366102,1
HAB1909,-82.31861545,23.08304821,1
HAB11428,-82.36854237,23.09635224,1
HAB4722,-82.33157154,23.15709062,1
HAB16217,-82.3599629,23.09805098,1
HAB8027,-82.39370926,23.064978,1
HAB4827,-82.35968543,23.09284862,1
HAB10816,-82.37958345,22.98129551,1
HAB14175,-82.348424,23.09249605,1
HAB12165,-82.3844223,23.1443537,1
HAB14092,-82.38071932,23.12550163,1
HAB6267,-82.39830747,23.11298236,1
HAB3753,-82.46607674,23.06509312,1
HAB4640,-82.19454719,23.12276852,1
HAB10891,-82.46474488,23.07098054,1
HAB17252,-82.31109479,23.12092875,1
HAB13341,-82.50940634,23.0753495,1
HAB12883,-82.47181686,23.0064937,1
HAB13238,-82.46130897,23.08858508,1
HAB8539,-82.365961,23.10727708,1
HAB16798,-82.38730196,22.99042919,1
HAB17529,-82.26017726,23.06007134,1
HAB1121,-82.40122749,23.10810544,1
HAB16202,-82.41562559,23.08630029,1
HAB16519,-82.41700961,23.08509125,1
HAB7776,-82.36133517,23.09445311,1
HAB16904,-82.40125967,23.10809558,1
HAB18147,-82.36010386,23.11280747,1
HAB13684,-82.38507701,23.09876997,1
HAB6226,-82.38606228,23.12886122,1
HAB5893,-82.33256294,23.1261627,1
HAB17936,-82.46705197,23.0523273,1
HAB7301,-82.38625892,23.11628737,1
HAB13112,-82.42323114,23.1053216,1
HAB5459,-82.44954022,23.07282487,1
HAB14281,-82.3878987,23.07235872,1
HAB2160,-82.43847149,23.0833692,1
HAB2029,-82.37258865,23.13193131,1
HAB7387,-82.38597741,23.11387563,1
HAB12970,-82.30596494,23.14443008,1
HAB13732,-82.36230303,23.06225517,1
HAB1443,-82.36021226,23.093207,1
HAB4407,-82.34716741,23.09057269,1
HAB12335,-82.44953311,23.07240806,1
HAB5570,-82.33629121,23.07496373,1
HAB16100,-82.37635631,23.13159265,1
HAB2988,-82.36158568,23.06526144,1
HAB8857,-82.30448062,23.15967399,1
HAB9774,-82.30807702,23.128252,1
HAB1947,-82.3650533,23.13016167,1
HAB2065,-82.3936105,23.13522002,1
HAB14003,-82.43677778,23.07023098,1
HAB18101,-82.37656189,23.08633483,1
HAB16710,-82.3651786,23.12837283,1
HAB11223,-82.34314157,23.08455829,1
HAB14238,-82.39925338,23.13706153,1
HAB7430,-82.37283907,23.1010837,1
HAB16551,-82.37254495,23.08724456,1
HAB13266,-82.47244017,23.05990906,1
HAB18290,-82.33507348,23.10226487,1
HAB10012,-82.39055531,23.10813535,1
HAB14528,-82.2545404,23.17080337,1
HAB4259,-82.39770843,23.13017839,1
HAB6317,-82.38034422,23.13702304,1
HAB17174,-82.38835825,23.08518501,1
HAB12800,-82.37889657,23.13954615,1
HAB18779,-82.38906814,23.09620573,1
HAB12809,-82.37743964,22.99618889,1
HAB15660,-82.27985217,23.16018861,1
HAB14084,-82.41017272,23.00299806,1
HAB8411,-82.24913551,23.11258545,1
HAB12292,-82.46175857,23.07174072,1
HAB16779,-82.4002234,23.11292957,1
HAB13655,-82.41129797,22.95419288,1
HAB1324,-82.38203606,23.12880748,1
HAB8804,-82.42941257,23.06182388,1
HAB6071,-82.32298209,23.12413195,1
HAB13362,-82.41344721,23.1031114,1
HAB4253,-82.41504623,23.11686796,1
HAB1292,-82.36678077,23.10400687,1
HAB14305,-82.32372646,23.07546743,1
HAB13035,-82.41592629,23.13105654,1
HAB3717,-82.41901957,23.11150817,1
HAB15278,-82.35522224,23.09442767,1
HAB18506,-82.39232487,23.14460992,1
HAB9789,-82.3892776,22.99642042,1
HAB6907,-82.41969973,23.09210008,1
HAB1423,-82.39901912,23.11594835,1
HAB14102,-82.23969413,23.12932001,1
HAB10120,-82.32260658,23.01892819,1
HAB1191,-82.37641342,23.09676889,1
HAB10918,-82.14422652,23.1677671,1
HAB5281,-82.37448855,23.07950981,1
HAB15867,-82.35972062,23.10501658,1
HAB5094,-82.27400495,23.1604796,1
HAB8321,-82.36119442,23.13485393,1
HAB1506,-82.30405497,23.15013903,1
HAB6350,-82.32292844,23.0771823,1
HAB9936,-82.33145966,23.10838709,1
HAB5874,-82.3270906,23.08602816,1
HAB12210,-82.44537672,23.06734311,1
HAB7822,-82.45375655,23.09265733,1
HAB11885,-82.35867692,23.07893981,1
HAB7923,-82.29309143,23.11303398,1
HAB8566,-82.37192167,23.1249047,1
HAB2518,-82.43015316,23.08063433,1
HAB5142,-82.31265998,23.11676549,1
HAB4045,-82.41888179,23.12858002,1
HAB6770,-82.37298919,23.12424898,1
HAB8649,-82.38920605,22.99084545,1
HAB12773,-82.41937236,23.07824159,1
HAB18367,-82.36093266,23.10301863,1
HAB2284,-82.30835868,23.08163681,1
HAB11340,-82.33028993,23.09724495,1
HAB18329,-82.38544611,22.99803061,1
HAB16788,-82.37713052,23.09488419,1
HAB6584,-82.25044122,23.03208252,1
HAB8777,-82.4477927,23.06124503,1
HAB4619,-82.31436683,23.11747973,1
HAB5481,-82.35251857,23.07140127,1
HAB9730,-82.42021099,23.12436543,1
HAB4879,-82.37481194,23.10229233,1
HAB2926,-82.51352451,23.07869655,1
HAB7324,-82.4013455,23.00975935,1
HAB2448,-82.38698189,23.14061635,1
HAB14208,-82.37596823,23.14156701,1
HAB10120,-82.39474593,23.14349366,1
HAB7019,-82.3887848,23.13268311,1
HAB12565,-82.42808391,23.07546735,1
HAB2702,-82.38827893,23.09554334,1
HAB6486,-82.39589257,22.96586792,1
HAB14641,-82.37079649,23.1349931,1
HAB8512,-82.37359001,23.12797816,1
HAB10152,-82.39579248,23.13441594,1
HAB9128,-82.39141059,23.0137824,1
HAB8574,-82.29809488,23.12276094,1
HAB8813,-82.37171333,23.13636607,1
HAB9413,-82.43998004,23.07903111,1
HAB17102,-82.38091169,22.97175104,1
HAB8585,-82.38126529,23.08544922,1
HAB17346,-82.38062824,23.13479657,1
HAB9585,-82.35409494,23.09518759,1
HAB2386,-82.37546092,23.12272601,1
HAB13424,-82.46246147,23.05050227,1
HAB17829,-82.42315186,23.10973859,1
HAB9285,-82.3213436,23.12363632,1
HAB1483,-82.43022109,23.08252787,1
HAB16090,-82.37056447,23.12719747,1
HAB10289,-82.26768601,23.05148264,1
HAB10458,-82.38211764,23.11436409,1
HAB5692,-82.30452849,23.13605863,1
HAB6026,-82.35450176,23.08120614,1
HAB1659,-82.29112288,23.06181351,1
HAB2015,-82.4163176,23.10546416,1
HAB14360,-82.37371003,23.06775016,1
HAB16734,-82.35750447,23.07444506,1
HAB5955,-82.42013457,23.05670169,1
HAB2534,-82.37533507,23.10079297,1
HAB15263,-82.41576792,23.1152817,1
HAB4655,-82.39757298,23.12852452,1
HAB15709,-82.38360999,23.10195517,1
HAB17035,-82.42001368,23.10176016,1
HAB18946,-82.35019057,23.10243408,1
HAB9764,-82.37257445,23.08601375,1
HAB11349,-82.38600327,23.09269565,1
HAB15688,-82.4695666,23.03303162,1
HAB17054,-82.36911613,23.13545679,1
HAB17438,-82.39196538,23.13391756,1
HAB4051,-82.33307969,23.12467452,1
HAB13881,-82.35110237,23.09490139,1
HAB2802,-82.38733872,23.11571657,1
HAB7305,-82.36293627,23.07618354,1
HAB12032,-82.37951663,23.07212085,1
HAB4004,-82.46552262,23.05532455,1
HAB7949,-82.38783611,23.0841454,1
HAB2545,-82.30028699,23.06681234,1
HAB6845,-82.22732023,23.17185761,1
HAB15427,-82.38846567,22.97137308,1
HAB12938,-82.35947622,23.07903358,1
HAB13840,-82.26375423,23.03852532,1
HAB14665,-82.46057941,23.08954735,1
HAB10672,-82.37501337,23.09070371,1
HAB8721,-82.48606039,23.05140665,1
HAB2586,-82.36788227,23.08625094,1
HAB16656,-82.29688496,23.05821145,1
HAB5158,-82.40981056,23.01360898,1
HAB5231,-82.36898786,23.09198137,1
HAB17994,-82.37949987,23.12473965,1
HAB10787,-82.38704397,23.13879148,1
HAB5662,-82.37606006,23.13489846,1
HAB15779,-82.31970898,23.08085873,1
HAB13382,-82.35585791,23.07682935,1
HAB6634,-82.37205842,23.13449831,1
HAB18277,-82.33698747,23.14886105,1
HAB17507,-82.41969973,23.09210008,1
HAB8006,-82.26777418,23.17250101,1
HAB15721,-82.39326669,23.11318738,1
HAB2783,-82.40218235,23.00784354,1
HAB1224,-82.37985369,23.12392885,1
HAB14234,-82.3927691,23.11369104,1
HAB14655,-82.31889866,23.08234022,1
HAB12882,-82.33550123,23.07096552,1
HAB6589,-82.43529014,23.09955967,1
HAB2334,-82.42268371,23.10860241,1
HAB14877,-82.36603691,23.07895215,1
HAB5811,-82.38724634,23.08243545,1
HAB11779,-82.35984606,23.11066508,1
HAB6169,-82.38787888,23.11626637,1
HAB14825,-82.30818702,23.08258432,1
HAB5476,-82.42669774,23.0858929,1
HAB15543,-82.37671706,23.1163902,1
HAB12487,-82.43043236,23.0995175,1
HAB18039,-82.43224349,23.10624127,1
HAB11868,-82.3904632,23.14510439,1
HAB10443,-82.35414217,23.09018106,1
HAB7857,-82.36214617,22.97113673,1
HAB6666,-82.39968254,23.11542731,1
HAB7346,-82.32238127,23.11545692,1
HAB9161,-82.39170679,23.12323038,1
HAB9365,-82.36048755,23.08209836,1
HAB1010,-82.32034091,23.04092747,1
HAB5873,-82.27820007,23.15481948,1
HAB18008,-82.38974737,23.11954208,1
HAB7987,-82.41736366,23.11637459,1
HAB14218,-82.42937995,23.0748461,1
HAB2252,-82.3349662,23.09300653,1
HAB15551,-82.28516064,23.16417599,1
HAB13633,-82.42456113,23.10658242,1
HAB2194,-82.3613645,23.04587864,1
HAB1560,-82.39628078,23.11749467,1
HAB6860,-82.39884281,23.00941881,1
HAB1906,-82.3892793,23.14539471,1
HAB10675,-82.34271648,23.10051616,1
HAB18170,-82.17686607,23.13437154,1
HAB18551,-82.48933239,23.02304555,1
HAB16581,-82.39909293,23.1389202,1
HAB14609,-82.48218363,23.05355613,1
HAB12775,-82.42099441,23.08593642,1
HAB18866,-82.30526341,23.13233955,1
HAB11761,-82.43445275,23.1010499,1
HAB8689,-82.3687659,23.04531783,1
HAB13430,-82.40078329,23.13010546,1
HAB8524,-82.4193213,23.08667763,1
HAB1711,-82.39506914,23.06823273,1
HAB7510,-82.25539025,23.03810754,1
HAB8555,-82.33710419,23.10015979,1
HAB15411,-82.29975416,23.06663363,1
HAB10816,-82.39176162,23.11183667,1
HAB1524,-82.39994316,23.10820248,1
HAB13794,-82.32770277,23.09658897,1
HAB13566,-82.33688129,23.09821732,1
HAB12948,-82.3050442,23.11880161,1
HAB16246,-82.43420434,23.07385815,1
HAB4294,-82.46600975,23.05352238,1
HAB8134,-82.39735438,23.13109596,1
HAB7922,-82.3957573,23.06273993,1
HAB11470,-82.36859073,23.10479228,1
HAB18730,-82.41141988,23.02403325,1
HAB16349,-82.36946477,23.1191473,1
HAB13098,-82.40484311,23.13341453,1
HAB8454,-82.41368434,23.09310881,1
HAB15854,-82.37989247,23.11315448,1
HAB2856,-82.37953162,23.12146334,1
HAB17577,-82.52040431,23.06714423,1
HAB15455,-82.45208217,23.06149564,1
HAB1355,-82.39967181,23.14120528,1
HAB18051,-82.3841131,23.09327348,1
HAB12619,-82.35743459,23.09817573,1
HAB13636,-82.37976491,23.12612057,1
HAB6445,-82.36981897,23.13032853,1
HAB8555,-82.36571529,23.14147742,1
HAB7544,-82.4337457,23.07175579,1
HAB11901,-82.38893195,23.13120729,1
HAB3202,-82.43122683,23.09879575,1
HAB11180,-82.35509434,23.11143203,1
HAB12795,-82.35470725,23.09463492,1
HAB1293,-82.37487266,23.08198822,1
HAB8283,-82.39762986,23.12078975,1
HAB8126,-82.38577796,23.05573553,1
HAB6992,-82.390673,22.97142567,1
HAB7021,-82.37345053,23.02153505,1
HAB4644,-82.42234334,23.00519661,1
HAB4728,-82.36380077,23.10361576,1
HAB6451,-82.42414988,23.0002099,1
HAB2656,-82.37599327,23.11463791,1
HAB7341,-82.37851991,23.13640147,1
HAB15495,-82.14424079,23.15596016,1
HAB8160,-82.44274833,23.06032056,1
HAB7872,-82.40347493,23.12736667,1
HAB8985,-82.29976174,23.13339765,1
HAB17325,-82.37825169,23.1351115,1
HAB17203,-82.33585899,23.1072613,1
HAB15995,-82.27464689,23.1542864,1
HAB10387,-82.35033495,23.08811769,1
HAB3958,-82.38938285,23.07231924,1
HAB10229,-82.35865547,23.09300653,1
HAB9691,-82.37430568,23.07995629,1
HAB6512,-82.44335133,23.06164701,1
HAB4926,-82.38347931,22.98741479,1
HAB7917,-82.38121821,23.13539761,1
HAB1619,-82.50321851,23.01679833,1
HAB17161,-82.37147668,23.10982424,1
HAB2256,-82.46615751,23.05644599,1
HAB11802,-82.2886601,23.11822481,1
HAB15998,-82.35964085,23.05905424,1
HAB10178,-82.44778996,23.05800397,1
HAB18043,-82.41498806,23.09267278,1
HAB11966,-82.37817122,23.09376645,1
HAB7290,-82.37676121,23.13828747,1
HAB8583,-82.41556402,23.10928222,1
HAB6792,-82.3668818,23.08341833,1
HAB11521,-82.37104012,23.09469743,1
HAB3751,-82.17772438,23.13516083,1
HAB8386,-82.36685618,23.03650503,1
HAB11869,-82.37157298,23.10505619,1
HAB18543,-82.33335777,23.09666495,1
HAB6029,-82.32734336,23.10378318,1
HAB6019,-82.37665443,23.08624354,1
HAB3051,-82.27654155,23.16716119,1
HAB4901,-82.38746221,23.09994804,1
HAB16527,-82.30468106,23.13637003,1
HAB16515,-82.37107409,23.1175118,1
HAB10009,-82.38326341,22.99818487,1
HAB3662,-82.37223971,23.08972218,1
HAB1470,-82.34678486,23.08915018,1
HAB18506,-82.29191862,23.06889197,1
HAB17521,-82.37933999,23.12256686,1
HAB14444,-82.39044054,23.01975436,1
HAB14955,-82.37566731,23.06048229,1
HAB8883,-82.36242129,23.04915084,1
HAB1421,-82.14728667,23.17044697,1
HAB15336,-82.44818325,23.06778279,1
HAB14742,-82.36828759,23.13619395,1
HAB12886,-82.36197082,23.06367693,1
HAB1098,-82.38457633,23.09979631,1
HAB10991,-82.46888279,23.03992463,1
HAB12411,-82.49837731,23.01471663,1
HAB7111,-82.36820579,23.10541893,1
HAB13487,-82.14478685,23.15827494,1
HAB4689,-82.38347351,23.08663531,1
HAB5329,-82.32509298,23.08419557,1
HAB9097,-82.39401771,22.99190869,1
HAB9924,-82.44091084,23.06996696,1
HAB18552,-82.36583597,23.13490454,1
HAB8539,-82.29083921,23.1135217,1
HAB4173,-82.37823493,23.09655679,1
HAB10940,-82.38556875,23.10073383,1
HAB3726,-82.310155,23.14360819,1
HAB13269,-82.4814897,23.04606878,1
HAB10685,-82.36591883,23.04003395,1
HAB8869,-82.3461225,22.96744965,1
HAB6826,-82.3431523,23.08463724,1
HAB2456,-82.30999484,23.14326067,1
HAB17267,-82.38924557,23.13853713,1
HAB17711,-82.46902032,23.04740095,1
HAB5032,-82.37497215,23.10299026,1
HAB2704,-82.39637022,23.13027942,1
HAB12523,-82.41784109,23.12871075,1
HAB6207,-82.43362392,23.10249711,1
HAB8185,-82.42012989,23.08908777,1
HAB9395,-82.32558327,23.12075062,1
HAB16870,-82.38358928,23.09348024,1
HAB3270,-82.17600776,23.13405583,1
HAB10374,-82.36547461,23.09217429,1
HAB7320,-82.33133985,23.09951012,1
HAB16516,-82.28852375,23.05335145,1
HAB18403,-82.39959268,23.12635546,1
HAB5752,-82.40545951,23.12055272,1
HAB10889,-82.43473884,23.10460231,1
HAB6789,-82.44742496,23.09933002,1
HAB3031,-82.37418031,23.0712698,1
HAB16641,-82.38404394,23.10046027,1
HAB14908,-82.30950399,23.14427179,1
HAB12108,-82.38725555,22.97076489,1
HAB4124,-82.36564208,23.09609893,1
HAB1198,-82.38242018,22.9815859,1
HAB14254,-82.3984955,23.06152627,1
HAB10889,-82.40268661,23.13648287,1
HAB15066,-82.38118893,23.09476383,1
HAB16722,-82.37410499,22.94098405,1
HAB9143,-82.38871122,23.14296562,1
HAB5848,-82.40248774,23.07302221,1
HAB8885,-82.35972835,23.09814824,1
HAB3941,-82.40227098,23.10728684,1
HAB14951,-82.41528118,23.0809771,1
HAB1260,-82.3672519,23.11970076,1
HAB11492,-82.40955178,23.00301937,1
HAB1405,-82.38893195,23.13120729,1
HAB10538,-82.32884003,23.10738014,1
HAB4966,-82.40319683,23.11653173,1
HAB4970,-82.4280013,23.05820907,1
HAB9053,-82.30949231,23.12827984,1
HAB10780,-82.2640774,23.0497882,1
HAB3837,-82.37497403,23.06616969,1
HAB17197,-82.41345031,23.02343586,1
HAB3203,-82.46091619,23.09577751,1
HAB16101,-82.40216605,23.10328433,1
HAB1892,-82.46548526,23.04962364,1
HAB18316,-82.38135421,22.98213866,1
HAB15228,-82.36473872,23.09273019,1
HAB13408,-82.41669843,23.08553332,1
HAB14268,-82.35654725,23.09741795,1
HAB4097,-82.25775996,23.12890843,1
HAB12332,-82.48348638,23.05217341,1
HAB12060,-82.453182,23.05846508,1
HAB14924,-82.3334427,23.0407056,1
HAB3415,-82.39549233,23.01078146,1
HAB15869,-82.35719513,23.09148114,1
HAB18380,-82.26736112,23.17385227,1
HAB12938,-82.12553587,23.17062944,1
HAB14612,-82.38199902,23.11825064,1
HAB4404,-82.37289107,23.0945371,1
HAB2343,-82.40603401,23.0241135,1
HAB6842,-82.37477018,23.12141674,1
HAB14954,-82.25291748,23.04125993,1
HAB11096,-82.4070739,23.13220582,1
HAB13883,-82.36234925,23.0854333,1
HAB18480,-82.384748,23.09111164,1
HAB1230,-82.42100086,23.08802624,1
HAB9899,-82.35168605,23.10701643,1
HAB9040,-82.37310174,23.0935447,1
HAB1514,-82.43859423,23.07651749,1
HAB16060,-82.35018858,23.08704869,1
HAB3378,-82.4012704,23.10812518,1
HAB7346,-82.4134369,23.0917334,1
HAB12753,-82.41640627,23.02449755,1
HAB9667,-82.30310826,23.15805299,1
HAB1880,-82.40074484,23.06041007,1
HAB6315,-82.36811523,23.11983873,1
HAB2057,-82.44774772,23.06679156,1
HAB5348,-82.36347485,23.08727613,1
HAB14157,-82.29576346,23.13061301,1
HAB16204,-82.36957842,23.13612823,1
HAB18970,-82.29972733,23.13308648,1
HAB16812,-82.37009241,23.08241653,1
HAB8386,-82.3832738,23.09053825,1
HAB15196,-82.37908049,23.12355787,1
HAB6868,-82.40944439,23.00566308,1
HAB8451,-82.36655905,23.08870631,1
HAB12304,-82.33456326,23.04120459,1
HAB13192,-82.374419,23.0836861,1
HAB11188,-82.37279697,23.12543341,1
HAB5660,-82.34888066,23.0909501,1
HAB18449,-82.39115421,23.11331606,1
HAB4809,-82.36895515,23.13405583,1
HAB7754,-82.27601929,23.05084393,1
HAB17848,-82.29710011,23.11868231,1
HAB12311,-82.44337438,23.08469523,1
HAB3657,-82.11875675,23.16586379,1
HAB5141,-82.27762057,23.05314908,1
HAB3610,-82.40507619,23.12750904,1
HAB6248,-82.38007006,23.12514754,1
HAB12657,-82.37110738,23.09942703,1
HAB1789,-82.29762627,23.0877126,1
HAB4820,-82.35710389,23.1099731,1
HAB16237,-82.3506236,22.96962301,1
HAB17174,-82.37835182,23.10257431,1
HAB16289,-82.30425727,23.13581018,1
HAB12350,-82.36755235,23.11328852,1
HAB7987,-82.50873641,23.07545541,1
HAB17399,-82.35621614,23.11149418,1
HAB8262,-82.36396997,23.10564853,1
HAB10454,-82.43263002,23.1000434,1
HAB17103,-82.39431589,23.0587893,1
HAB8943,-82.3855269,23.14111714,1
HAB12966,-82.39902003,23.06106623,1
HAB14132,-82.35664348,23.11186011,1
HAB3273,-82.31603564,23.0751032,1
HAB8590,-82.46743344,23.06571203,1
HAB11816,-82.38084657,23.1355647,1
HAB6480,-82.36380531,23.13752865,1
HAB8953,-82.4127311,23.11749275,1
HAB10846,-82.35844407,23.08210016,1
HAB10802,-82.13538124,23.1684644,1
HAB13492,-82.42265029,23.08321969,1
HAB13922,-82.38938285,23.05869706,1
HAB10599,-82.39276802,23.06149201,1
HAB15525,-82.36923641,23.11589597,1
HAB3180,-82.42034249,23.09081062,1
HAB8547,-82.46833173,23.05525006,1
HAB13504,-82.42308035,23.10114292,1
HAB6000,-82.35629512,23.08897493,1
HAB12809,-82.39206099,23.1184048,1
HAB8401,-82.39479522,23.13286493,1
HAB2807,-82.47210218,22.9834146,1
HAB16827,-82.38391293,23.09170873,1
HAB1557,-82.39387667,23.11551748,1
HAB6062,-82.36762437,23.13424049,1
HAB9381,-82.3478109,23.06958623,1
HAB14325,-82.38779729,22.97247211,1
HAB8712,-82.32458741,23.12414074,1
HAB11821,-82.43247461,23.07961731,1
HAB12987,-82.29087068,23.0879485,1
HAB12623,-82.26741359,23.04500911,1
HAB15625,-82.38852822,23.14235583,1
HAB10187,-82.36115964,23.06512224,1
HAB12252,-82.35839082,23.09994434,1
HAB6281,-82.50462785,23.0763517,1
HAB16153,-82.38937114,23.01094252,1
HAB12369,-82.46802075,23.05481004,1
HAB13054,-82.26781113,23.0536916,1
HAB8677,-82.35455684,23.09312414,1
HAB12966,-82.39024116,22.99791349,1
HAB2092,-82.32995317,23.11954447,1
HAB15615,-82.35294436,23.07032427,1
HAB4068,-82.43121193,23.07665853,1
HAB18925,-82.37867245,23.07638584,1
HAB5666,-82.37477955,23.10297338,1
HAB11463,-82.46234967,23.05651607,1
HAB12296,-82.45419464,23.05511976,1
HAB7819,-82.38509132,22.97136393,1
HAB1979,-82.38603546,23.09616461,1
HAB18324,-82.20141365,23.1577324,1
HAB4664,-82.31251764,23.09607705,1
HAB1454,-82.39744021,23.13118476,1
HAB15349,-82.42190571,23.08408853,1
HAB8259,-82.34418,23.09126589,1
HAB14817,-82.41222461,23.09648278,1
HAB9118,-82.35169695,23.08870497,1
HAB14102,-82.40174784,23.14124124,1
HAB13271,-82.39715411,23.10603314,1
HAB1108,-82.3706664,23.12811013,1
HAB8790,-82.36622519,23.13683575,1
HAB4164,-82.41286321,23.00875764,1
HAB1349,-82.42163373,23.11121054,1
HAB10434,-82.38185947,23.12778787,1
HAB13763,-82.40295483,23.13047931,1
HAB6108,-82.42498828,23.11403928,1
HAB17626,-82.34360291,23.0888713,1
HAB9085,-82.4016667,23.13087123,1
HAB10812,-82.51777533,23.07512293,1
HAB6321,-82.39485456,23.05782835,1
HAB15884,-82.38580154,23.11554316,1
HAB18717,-82.25651695,23.01260833,1
HAB9729,-82.46941501,23.07018062,1
HAB15802,-82.36396997,23.10564853,1
HAB15751,-82.37170844,23.09282434,1
HAB6954,-82.36693274,23.10031442,1
HAB12729,-82.43365558,23.06962836,1
HAB9393,-82.23116471,23.10796729,1
HAB9669,-82.44944152,23.05401118,1
HAB18068,-82.28095405,23.16529479,1
HAB6661,-82.36213591,23.08027541,1
HAB18872,-82.4226343,23.09006363,1
HAB9370,-82.23179771,23.10761204,1
HAB14093,-82.32244944,23.11059409,1
HAB15430,-82.37908879,23.12338101,1
HAB2213,-82.31289227,23.12295799,1
HAB2142,-82.40247207,23.13776868,1
HAB16822,-82.3583015,23.09436799,1
HAB10294,-82.3708327,23.13074694,1
HAB13504,-82.38870451,23.08248235,1
HAB4553,-82.34273923,23.08303128,1
HAB15857,-82.3705001,23.09269071,1
HAB12326,-82.42340399,23.08294951,1
HAB3560,-82.46615341,22.98429366,1
HAB12261,-82.39641024,23.11820992,1
HAB2829,-82.36918036,23.0960326,1
HAB8614,-82.37788826,23.07936662,1
HAB3588,-82.38148643,22.98084651,1
HAB6820,-82.36657502,23.1077761,1
HAB18595,-82.39597304,23.00479078,1
HAB10028,-82.37941404,23.1057783,1
HAB17295,-82.27629556,23.05176698,1
HAB7447,-82.42154914,23.05801325,1
HAB12694,-82.40030585,23.12860566,1
HAB4974,-82.38483139,22.97231222,1
HAB9153,-82.4052478,23.1342719,1
HAB1359,-82.36457297,23.0731305,1
HAB12903,-82.36576097,23.10173859,1
HAB9018,-82.3945809,23.11522439,1
HAB12859,-82.33190311,23.09372533,1
HAB9056,-82.39303066,23.11811782,1
HAB8105,-82.39731013,23.12447962,1
HAB17327,-82.39378366,23.06045604,1
HAB2843,-82.38234765,23.13764078,1
HAB4167,-82.38389225,22.97454523,1
HAB3083,-82.39976499,23.13225043,1
HAB8629,-82.37887335,23.07327548,1
HAB4455,-82.3229499,23.02114008,1
HAB15615,-82.38975474,23.13142624,1
HAB2459,-82.38514854,23.10134897,1
HAB1937,-82.38177074,23.08502957,1
HAB13651,-82.4034321,23.11376863,1
HAB18035,-82.32105224,23.02350991,1
HAB9877,-82.37779111,23.06125379,1
HAB2382,-82.44014761,23.07444533,1
HAB14372,-82.38670091,23.11343067,1
HAB15189,-82.40080921,23.11499339,1
HAB12575,-82.28176625,23.12136882,1
HAB18181,-82.35968007,23.14406031,1
HAB3127,-82.39244057,23.0631639,1
HAB14190,-82.38354329,23.09337604,1
HAB10454,-82.23792839,23.11557511,1
HAB9622,-82.4029441,23.00613016,1
HAB13018,-82.3675851,23.11970458,1
HAB15090,-82.38125607,23.12320551,1
HAB10479,-82.36606126,23.10101458,1
HAB16406,-82.41639276,23.11148011,1
HAB15180,-82.36983579,23.13342559,1
HAB9589,-82.30699612,23.12216663,1
HAB1434,-82.45771145,23.06756982,1
HAB11327,-82.40283681,23.12620154,1
HAB14790,-82.37364377,23.10383179,1
HAB13116,-82.39432487,23.00453119,1
HAB11749,-82.38411499,23.08666546,1
HAB7463,-82.46057941,23.08926607,1
HAB3701,-82.29437154,23.06316652,1
HAB3268,-82.2916217,23.06643621,1
HAB9921,-82.31511234,23.12459319,1
HAB9105,-82.42250411,23.1124103,1
HAB12024,-82.31030955,23.08105698,1
HAB4372,-82.33939307,23.10012785,1
HAB18908,-82.41927406,23.119598,1
HAB1286,-82.38108946,23.12044977,1
HAB13388,-82.29138943,23.12260305,1
HAB10997,-82.38691522,23.09429938,1
HAB9292,-82.32667546,23.0084701,1
HAB5891,-82.30289265,23.08061761,1
HAB3264,-82.37004723,23.10194267,1
HAB15003,-82.39387667,23.11551748,1
HAB16862,-82.32135037,23.11014466,1
HAB10163,-82.25734137,23.12946283,1
HAB13713,-82.38098217,23.1261035,1
HAB18989,-82.38805248,23.10681273,1
HAB9646,-82.38426426,23.11303874,1
HAB14947,-82.35899055,23.06693624,1
HAB3010,-82.40253059,23.12877583,1
HAB12403,-82.45787574,22.98874816,1
HAB7666,-82.35738437,23.09219242,1
HAB2802,-82.38896443,23.08236718,1
HAB12044,-82.44427947,23.1012344,1
HAB3129,-82.37604669,23.09564827,1
HAB10629,-82.29761778,23.00357608,1
HAB4848,-82.37835317,23.09886851,1
HAB11229,-82.41290046,23.04183523,1
HAB6740,-82.38141133,23.10919092,1
HAB7073,-82.39095463,23.11996135,1
HAB13606,-82.38846567,22.97137308,1
HAB1323,-82.37992094,22.98109029,1
HAB9781,-82.46447097,23.07122971,1
HAB15395,-82.42734416,23.10239174,1
HAB16234,-82.43712358,23.0780767,1
HAB10661,-82.40762187,23.12531417,1
HAB4645,-82.41559458,23.09179413,1
HAB9429,-82.40922441,23.02174615,1
HAB16888,-82.32180664,23.07573071,1
HAB9605,-82.38407476,22.98720985,1
HAB15254,-82.36892581,23.13516382,1
HAB10915,-82.37756143,23.08232164,1
HAB7717,-82.40043868,23.14235511,1
HAB3143,-82.35794205,23.09206042,1
HAB9128,-82.3812343,23.07256107,1
HAB5678,-82.35682079,23.09830361,1
HAB12266,-82.38937391,23.05456242,1
HAB5333,-82.25739288,23.04000378,1
HAB14291,-82.41332789,23.1018015,1
HAB8423,-82.37759723,23.08820017,1
HAB12305,-82.37137847,23.12637822,1
HAB13847,-82.37925932,23.07582524,1
HAB3033,-82.43086769,23.0070782,1
HAB3785,-82.38371803,22.96851902,1
HAB7041,-82.379802,23.0690224,1
HAB7785,-82.30269972,23.11605901,1
HAB1170,-82.43401481,23.07935436,1
HAB7473,-82.31817557,23.11901903,1
HAB5196,-82.37024737,23.09631678,1
HAB4007,-82.42375118,23.102686,1
HAB5853,-82.43737722,23.07832212,1
HAB4149,-82.40187122,23.06132289,1
HAB6140,-82.34969006,23.08778451,1
HAB12852,-82.38996048,23.08274406,1
HAB6469,-82.39325931,23.0656829,1
HAB2508,-82.36476801,23.1105764,1
HAB16003,-82.31179647,23.08882356,1
HAB4124,-82.41411282,23.12120953,1
HAB16081,-82.43918075,23.06423494,1
HAB3460,-82.37476481,23.07261783,1
HAB13630,-82.39350273,23.13121436,1
HAB8832,-82.31705234,23.07615244,1
HAB14998,-82.43740078,23.07831528,1
HAB10857,-82.38284094,23.0931743,1
HAB14021,-82.32862986,23.10585971,1
HAB15771,-82.42255896,23.11604029,1
HAB9523,-82.36861183,23.10642787,1
HAB4586,-82.43284472,23.09955564,1
HAB3594,-82.33450888,23.04576581,1
HAB17937,-82.36888787,23.11666547,1
HAB4238,-82.37206409,23.08344285,1
HAB8528,-82.28010701,23.16537235,1
HAB11931,-82.30876638,23.13279296,1
HAB18065,-82.27917625,23.15867938,1
HAB1463,-82.36501498,23.13662099,1
HAB14523,-82.3678161,23.10010882,1
HAB12083,-82.39678039,23.11767972,1
HAB15713,-82.39659115,23.06530032,1
HAB9014,-82.44565983,23.10378685,1
HAB7802,-82.35995986,23.09247889,1
HAB1008,-82.30303718,23.07421439,1
HAB1442,-82.39261324,23.14320247,1
HAB10216,-82.1938641,23.118842,1
HAB15628,-82.21509134,23.14494685,1
HAB14282,-82.32654609,23.07697586,1
HAB15995,-82.38159372,22.97516692,1
HAB12319,-82.37412108,23.08421778,1
HAB8630,-82.37009194,23.10387127,1
HAB4898,-82.34830267,23.06034002,1
HAB15989,-82.37332897,23.10292072,1
HAB4115,-82.38852455,23.12947787,1
HAB10995,-82.37383246,23.12493723,1
HAB13618,-82.37595303,23.13530882,1
HAB8209,-82.39109678,23.01353164,1
HAB15972,-82.33332765,23.04302292,1
HAB7260,-82.39905254,23.12939934,1
HAB10037,-82.37041975,23.09809622,1
HAB12474,-82.37675085,23.1001629,1
HAB10620,-82.35220016,23.05740225,1
HAB2326,-82.38016677,23.08700886,1
HAB5449,-82.37452035,23.10485653,1
HAB17006,-82.27494104,23.05623653,1
HAB12310,-82.33980225,23.09665597,1
HAB11801,-82.42489429,23.0972787,1
HAB13000,-82.4659248,23.06562365,1
HAB15952,-82.38575181,22.96976445,1
HAB2111,-82.37685694,23.11698637,1
HAB10324,-82.46744194,23.05394254,1
HAB4742,-82.44982929,23.05712206,1
HAB11655,-82.46185556,23.05275557,1
HAB9995,-82.49592019,23.01701252,1
HAB11209,-82.39882487,23.13365198,1
HAB16385,-82.34802151,23.09280958,1
HAB9053,-82.39625619,23.11652275,1
HAB9354,-82.43296014,23.0703869,1
HAB11658,-82.29605779,23.11591293,1
HAB2010,-82.41688105,23.11189235,1
HAB14619,-82.36399822,23.06007062,1
HAB13741,-82.4214468,23.10949215,1
HAB14043,-82.3993714,23.00662393,1
HAB5199,-82.35674782,23.07252612,1
HAB18506,-82.38914161,23.08264226,1
HAB2011,-82.3647814,23.10509041,1
HAB11258,-82.31711341,23.07658329,1
HAB6234,-82.42706946,23.07658651,1
HAB7111,-82.25523275,23.17141784,1
HAB7326,-82.41040364,23.00320461,1
HAB10101,-82.4184322,23.11019784,1
HAB2009,-82.44615636,23.0621772,1
HAB8592,-82.39116859,23.12438651,1
HAB8596,-82.42448492,23.00105035,1
HAB12819,-82.3732896,23.08238692,1
HAB5991,-82.32715024,23.07856475,1
HAB3680,-82.38283647,23.08525739,1
HAB3294,-82.37112014,23.11908049,1
HAB12467,-82.38020433,22.97273697,1
HAB6422,-82.38893195,23.13120729,1
HAB6551,-82.45325161,23.05868719,1
HAB13338,-82.32457984,23.08399756,1
HAB8494,-82.42640887,23.11213147,1
HAB17972,-82.36132624,23.13553784,1
HAB9101,-82.35946673,23.07894386,1
HAB14540,-82.38343839,23.07208881,1
HAB15135,-82.27958274,23.08707799,1
HAB2372,-82.38102679,23.12995179,1
HAB9358,-82.3700705,23.08682723,1
HAB12184,-82.38503789,23.09983135,1
HAB7025,-82.37132026,23.09657065,1
HAB11379,-82.38690697,23.13482147,1
HAB14185,-82.36192623,23.10636266,1
HAB18541,-82.3738644,23.11824622,1
HAB18652,-82.42657731,23.07597188,1
HAB15887,-82.41478874,23.00439206,1
HAB4835,-82.35829069,23.09937196,1
HAB1529,-82.39898242,23.06204173,1
HAB9848,-82.36978395,23.10359568,1
HAB14154,-82.34188357,23.08396847,1
HAB4312,-82.36743628,23.105028,1
HAB12803,-82.38143168,23.0293751,1
HAB9346,-82.36016158,23.1093929,1
HAB12161,-82.36603369,23.10605485,1
HAB3894,-82.37593426,23.1205065,1
HAB2859,-82.30716778,23.14544083,1
HAB3078,-82.38807127,23.08354302,1
HAB2395,-82.4162197,23.10213146,1
HAB6696,-82.46155366,23.09044423,1
HAB3759,-82.39242627,23.07098012,1
HAB3834,-82.32446659,23.07906948,1
HAB7601,-82.39522632,23.01076087,1
HAB16089,-82.3651995,23.13392771,1
HAB6722,-82.33405229,23.09287466,1
HAB2810,-82.36249103,23.13858183,1
HAB6658,-82.37665845,23.07982072,1
HAB9492,-82.3639873,23.08122227,1
HAB10912,-82.46244623,23.05038487,1
HAB4111,-82.33015821,23.10551287,1
HAB8638,-82.38310449,23.09409601,1
HAB14138,-82.41882088,23.09048024,1
HAB10819,-82.31797172,23.07705707,1
HAB15810,-82.37410499,23.10769099,1
HAB12952,-82.37367584,23.13387824,1
HAB15624,-82.43803109,23.08589566,1
HAB6234,-82.29666432,23.05926882,1
HAB18989,-82.41762115,23.04722572,1
HAB8219,-82.3955412,23.12659684,1
HAB4520,-82.30363576,23.14749749,1
HAB11976,-82.40922441,23.02174615,1
HAB3840,-82.42784439,23.06961589,1
HAB12269,-82.35027725,23.09295847,1
HAB3886,-82.42056522,23.09209626,1
HAB2825,-82.48367926,23.08637924,1
HAB6767,-82.42801763,23.1045752,1
HAB12428,-82.37109019,23.09180249,1
HAB12841,-82.42147123,23.11524365,1
HAB5393,-82.17569808,23.13020846,1
HAB14116,-82.41153656,23.02079475,1
HAB12267,-82.40139915,23.01087031,1
HAB6737,-82.41592063,23.13104582,1
HAB7587,-82.37845159,23.06169249,1
HAB8305,-82.43661101,23.07869869,1
HAB3831,-82.41880132,23.11251638,1
HAB7230,-82.46079399,23.08700596,1
HAB3563,-82.38784326,23.08413389,1
HAB6703,-82.379965,23.10504236,1
HAB15433,-82.3778902,23.10528705,1
HAB6711,-82.32700888,23.09176901,1
HAB13445,-82.37811827,23.08432319,1
HAB6906,-82.38170637,23.14050811,1
HAB10081,-82.42248131,23.08674935,1
HAB18940,-82.36942722,23.06327249,1
HAB11288,-82.33417226,23.04055175,1
HAB12713,-82.40522837,23.13814215,1
HAB18823,-82.38058568,23.13044557,1
HAB16087,-82.4240428,23.09768651,1
HAB16543,-82.50913276,23.07793059,1
HAB7605,-82.46723263,23.09156563,1
HAB16780,-82.37582113,23.06151054,1
HAB6682,-82.30598761,23.16157616,1
HAB13133,-82.38972618,22.99459508,1
HAB16714,-82.46246147,23.05050227,1
HAB14896,-82.43613356,23.08375446,1
HAB15475,-82.35971762,23.01252933,1
HAB4811,-82.30682936,23.09379447,1
HAB8668,-82.42111498,23.12628419,1
HAB6100,-82.41032554,23.0050241,1
HAB1685,-82.2616215,23.04641449,1
HAB14831,-82.34999595,23.07082136,1
HAB10810,-82.25517584,23.04143044,1
HAB14053,-82.32603042,23.09977719,1
HAB5101,-82.35376685,23.00847617,1
HAB18489,-82.34925802,22.97223424,1
HAB7982,-82.39938213,23.12842709,1
HAB5241,-82.47015196,22.98439842,1
HAB6255,-82.35993008,23.1092878,1
HAB14081,-82.47218801,22.98347386,1
HAB1043,-82.33067466,23.11716398,1
HAB14587,-82.37187402,23.08277303,1
HAB9014,-82.39321305,22.96976465,1
HAB9706,-82.39726855,23.12902401,1
HAB15280,-82.36141111,23.07054788,1
HAB14666,-82.39044179,22.9701056,1
HAB7692,-82.38537763,23.083761,1
HAB11024,-82.44975548,23.05939006,1
HAB7018,-82.37214142,23.13527944,1
HAB4899,-82.40587647,23.12758302,1
HAB10844,-82.48608275,23.05140912,1
HAB1766,-82.33509494,23.04404674,1
HAB6949,-82.39283741,23.11346173,1
HAB15357,-82.41470291,23.0837687,1
HAB4329,-82.24377456,23.03518372,1
HAB13437,-82.39215693,23.11461633,1
HAB12926,-82.40463523,23.13072967,1
HAB14233,-82.36328197,23.07328277,1
HAB8642,-82.44985057,23.07309902,1
HAB9355,-82.40221232,23.06663645,1
HAB12934,-82.39204897,23.13134755,1
HAB9368,-82.28536581,23.16600212,1
HAB9703,-82.38017447,23.08701385,1
HAB18213,-82.23282768,23.10642787,1
HAB8829,-82.37049306,23.08823769,1
HAB11029,-82.38268603,22.96511401,1
HAB7401,-82.36878349,23.08479516,1
HAB7994,-82.46525718,23.03725413,1
HAB10556,-82.41963824,23.10212629,1
HAB15378,-82.42166671,23.00283028,1
HAB4467,-82.3949082,23.12943599,1
HAB5621,-82.3278056,23.12370325,1
HAB15795,-82.38421361,23.10172439,1
HAB11866,-82.36171906,23.08716232,1
HAB4606,-82.36554263,23.10483382,1
HAB9942,-82.36503668,23.13603486,1
HAB1035,-82.40698415,23.10324143,1
HAB2340,-82.35677524,23.0791002,1
HAB4563,-82.39062187,23.13927238,1
HAB6722,-82.39181504,23.11976002,1
HAB17246,-82.36235728,23.06130983,1
HAB18611,-82.4114213,23.09866084,1
HAB13623,-82.42989494,23.07500403,1
HAB1653,-82.43766488,23.10026495,1
HAB13848,-82.42925657,23.0682352,1
HAB1145,-82.36900582,23.13719675,1
HAB2648,-82.39600307,23.13514471,1
HAB14666,-82.46798823,23.05502304,1
HAB18699,-82.46336891,23.08605848,1
HAB16267,-82.41290046,23.09139785,1
HAB15528,-82.50881311,23.07614225,1
HAB3768,-82.32106162,23.01908619,1
HAB14343,-82.39777282,23.14271862,1
HAB7152,-82.42178695,23.07672973,1
HAB14421,-82.38710788,23.10045819,1
HAB8927,-82.3048981,23.12427311,1
HAB17812,-82.47401468,23.06104219,1
HAB14921,-82.36037208,23.09490139,1
HAB9907,-82.29032968,23.11843764,1
HAB12201,-82.32020332,23.0188492,1
HAB17391,-82.34089174,23.09924077,1
HAB4425,-82.14378907,23.16980584,1
HAB2773,-82.39632966,23.14035534,1
HAB9194,-82.43415156,23.06995308,1
HAB7099,-82.39204672,23.13154025,1
HAB1809,-82.37560255,23.10665703,1
HAB12580,-82.427762,23.08067553,1
HAB9823,-82.39329594,23.11325351,1
HAB11079,-82.37111574,23.10508517,1
HAB2253,-82.33917227,23.07210843,1
HAB11716,-82.52094305,23.0733409,1
HAB7335,-82.37602625,23.13434476,1
HAB7244,-82.38610477,22.96853993,1
HAB1680,-82.47006918,23.06188595,1
HAB10893,-82.29560746,23.16451398,1
HAB11738,-82.37432895,23.1234666,1
HAB2370,-82.46743344,23.06571203,1
HAB1050,-82.19607712,23.12526113,1
HAB4506,-82.42995379,23.07040675,1
HAB15032,-82.46628902,23.05577711,1
HAB4256,-82.37575723,23.13969912,1
HAB7874,-82.44969742,23.07403421,1
HAB1508,-82.4180028,23.10019219,1
HAB1811,-82.2723393,23.16067192,1
HAB14220,-82.29910898,23.07088764,1
HAB6280,-82.38339386,23.13906349,1
HAB7314,-82.33257893,23.12851306,1
HAB2188,-82.32582739,23.12087985,1
HAB5272,-82.38242018,22.9815859,1
HAB9268,-82.39371378,23.13257805,1
HAB13543,-82.40077651,23.1309701,1
HAB11619,-82.43103219,23.11881182,1
HAB4575,-82.29932366,23.11785176,1
HAB2046,-82.33528615,23.09601025,1
HAB13261,-82.35196067,23.09742782,1
HAB14722,-82.37916984,23.09773775,1
HAB17221,-82.26443789,23.04956542,1
HAB15702,-82.36944526,23.0863991,1
HAB6626,-82.3844154,23.14302382,1
HAB4057,-82.36292784,23.10239224,1
HAB5525,-82.4851543,23.05124106,1
HAB18006,-82.35347344,23.09554287,1
HAB4552,-82.18304722,23.08225615,1
HAB3720,-82.32981635,23.16009983,1
HAB6136,-82.37172646,23.08225561,1
HAB5203,-82.45926513,23.09506916,1
HAB12422,-82.38383343,22.96726369,1
HAB6865,-82.42321087,23.11515102,1
HAB18911,-82.36326529,23.0737768,1
HAB15199,-82.46822647,23.06343229,1
HAB15824,-82.35849453,23.09835549,1
HAB15681,-82.30283086,23.06134152,1
HAB16139,-82.34111615,23.06297344,1
HAB13910,-82.36795737,23.14029106,1
HAB13172,-82.37288263,23.09940204,1
HAB9194,-82.31860472,23.11420364,1
HAB6770,-82.38432844,23.11524134,1
HAB6064,-82.37952243,23.09445871,1
HAB16208,-82.40585162,23.12816563,1
HAB8416,-82.38570882,23.12880067,1
HAB18654,-82.40024043,23.11314051,1
HAB7194,-82.4376542,23.08433945,1
HAB3643,-82.42938308,23.11844221,1
HAB13244,-82.36226482,23.07630234,1
HAB2276,-82.32758476,23.05589348,1
HAB4215,-82.35555249,23.07840456,1
HAB4159,-82.36361876,23.07510007,1
HAB6199,-82.51191844,23.07531762,1
HAB18576,-82.38356708,22.98758186,1
HAB8456,-82.41873622,23.11654929,1
HAB2338,-82.36674395,23.10636583,1
HAB2447,-82.39068104,23.05935352,1
HAB14815,-82.30698539,23.08116305,1
HAB6812,-82.34545962,23.09020125,1
HAB10102,-82.44916105,23.06888583,1
HAB7436,-82.41875475,23.10372734,1
HAB1649,-82.32796027,23.10592459,1
HAB14005,-82.24753155,23.03446492,1
HAB9247,-82.43221237,23.08021883,1
HAB9098,-82.38528176,22.96926236,1
HAB15757,-82.32583258,23.12117523,1
HAB15659,-82.3705485,23.12654062,1
HAB17015,-82.39847018,23.12844189,1
HAB15588,-82.37858347,23.09464866,1
HAB3775,-82.40282003,23.02374725,1
HAB2023,-82.32153459,23.08012423,1
HAB12726,-82.39034,23.05873292,1
HAB17623,-82.38595141,23.11604403,1
HAB11554,-82.37223494,23.09233757,1
HAB1151,-82.34906285,23.09165675,1
HAB16131,-82.35694733,23.0961371,1
HAB3634,-82.37712447,23.09085759,1
HAB5294,-82.44893007,23.08404053,1
HAB16436,-82.30473591,23.08106435,1
HAB3531,-82.32785298,23.04754657,1
HAB18179,-82.36783935,23.10450686,1
HAB15101,-82.39589065,23.12793186,1
HAB9777,-82.29452768,23.11751842,1
HAB1904,-82.38981912,23.10689893,1
HAB6050,-82.29876565,23.12501214,1
HAB1292,-82.42884256,23.06878515,1
HAB13701,-82.17394782,23.13610796,1
HAB7960,-82.37938224,23.09091364,1
HAB3156,-82.36612466,23.09434446,1
HAB7284,-82.38654821,23.09478905,1
HAB3801,-82.3998542,23.11479579,1
HAB9480,-82.36180974,23.10195838,1
HAB16900,-82.36623844,23.09947079,1
HAB15561,-82.2841437,23.16757668,1
HAB13693,-82.38962098,23.08922815,1
HAB7446,-82.41651779,23.07966735,1
HAB13540,-82.40183675,23.10331867,1
HAB6843,-82.28514598,23.16420855,1
HAB2036,-82.47000754,23.06183918,1
HAB14554,-82.40631589,23.13659897,1
HAB18339,-82.37302063,23.11978473,1
HAB2616,-82.46210133,22.9966464,1
HAB8384,-82.43365842,23.10105324,1
HAB3710,-82.39771916,23.13192473,1
HAB7214,-82.42862125,23.0835579,1
HAB8364,-82.37430568,23.07995629,1
HAB16802,-82.46548526,23.04962364,1
HAB1026,-82.38682173,23.14305958,1
HAB10400,-82.37909193,23.04877484,1
HAB10615,-82.46662132,23.09016608,1
HAB12684,-82.43792726,23.07890938,1
HAB6812,-82.30345225,23.14724774,1
HAB8052,-82.35552265,23.06907506,1
HAB16957,-82.37071468,23.12985481,1
HAB12328,-82.42403163,23.10975339,1
HAB10132,-82.39690506,23.11943276,1
HAB10917,-82.35350563,23.0958488,1
HAB1348,-82.4261774,23.08207109,1
HAB14195,-82.25890872,23.06127681,1
HAB6270,-82.41803421,23.10701996,1
HAB5463,-82.47211382,22.98352912,1
HAB10550,-82.4307903,23.09147302,1
HAB10442,-82.42046624,23.10355937,1
HAB10093,-82.38352495,22.97063577,1
HAB11496,-82.42149162,23.05798963,1
HAB3906,-82.4313051,23.07212911,1
HAB16617,-82.48865141,23.0850271,1
HAB14311,-82.39723368,23.11622164,1
HAB8929,-82.34263987,23.08463965,1
HAB4602,-82.40448905,22.97314196,1
HAB18007,-82.46627881,23.09053921,1
HAB4545,-82.34545962,23.09020125,1
HAB2071,-82.37849633,23.08110986,1
HAB1934,-82.37048401,23.10184774,1
HAB8344,-82.37643483,23.10278157,1
HAB18979,-82.40559412,23.12212058,1
HAB7231,-82.31018659,23.12124113,1
HAB5576,-82.39956077,23.10745995,1
HAB13996,-82.2805105,23.15691626,1
HAB9923,-82.41579993,23.09894514,1
HAB5593,-82.27489895,23.15720467,1
HAB7314,-82.38233965,22.97832962,1
HAB11098,-82.39152082,23.11737664,1
HAB14891,-82.23832084,23.10784888,1
HAB12380,-82.40274897,23.12806696,1
HAB4269,-82.39549233,23.01078146,1
HAB16192,-82.42437763,23.10505372,1
HAB17867,-82.45021893,23.07297317,1
HAB4533,-82.460209,23.05448659,1
HAB4472,-82.43201848,23.07078588,1
HAB9112,-82.38003385,23.1217481,1
HAB16323,-82.38721831,23.06446263,1
HAB13243,-82.35374166,23.04676228,1
HAB4551,-82.38374255,23.10030354,1
HAB12739,-82.36835433,23.10548053,1
HAB12315,-82.46509201,23.05016089,1
HAB4530,-82.41964962,23.1167416,1
HAB11425,-82.38917713,23.09687917,1
HAB2251,-82.33692274,23.07004378,1
HAB12340,-82.3764457,23.07642917,1
HAB8764,-82.40422445,23.13642507,1
HAB15539,-82.42561716,23.10236571,1
HAB13138,-82.37588953,23.10260586,1
HAB4764,-82.36308246,23.09185402,1
HAB4525,-82.43604417,23.10027563,1
HAB16881,-82.41955234,23.09175314,1
HAB17012,-82.43221237,23.08021883,1
HAB16285,-82.37082197,23.08688624,1
HAB14201,-82.35334903,23.07519943,1
HAB13704,-82.49746072,23.01605957,1
HAB2351,-82.37358354,23.12086806,1
HAB10220,-82.41457118,23.13130972,1
HAB9728,-82.35957288,23.10274203,1
HAB4377,-82.33786902,23.09284678,1
HAB15362,-82.41792865,23.11708195,1
HAB10311,-82.37068715,23.10619084,1
HAB1176,-82.30788125,23.14043658,1
HAB7227,-82.22141003,23.13111754,1
HAB12246,-82.36510924,23.10503383,1
HAB1572,-82.36210286,23.10456755,1
HAB2589,-82.41396508,23.11489387,1
HAB11371,-82.3594494,23.10402989,1
HAB2798,-82.40732138,23.1291914,1
HAB13849,-82.3973061,23.11626605,1
HAB1851,-82.39682867,23.12705485,1
HAB7684,-82.3653821,23.09546427,1
HAB4384,-82.39542855,23.13381411,1
HAB4093,-82.30645662,23.13148972,1
HAB14280,-82.46444321,23.07087687,1
HAB16170,-82.3643498,23.14152426,1
HAB2514,-82.36862467,23.11019352,1
HAB1545,-82.3336841,23.04294099,1
HAB8596,-82.35536108,23.09523005,1
HAB8088,-82.25151813,23.04350443,1
HAB5362,-82.35769371,23.09598928,1
HAB8000,-82.44523717,23.06326755,1
HAB1459,-82.36570968,23.04661609,1
HAB13839,-82.36580138,23.09771957,1
HAB17522,-82.40634839,23.02509265,1
HAB18197,-82.33593833,23.09244588,1
HAB6892,-82.37202896,23.09388454,1
HAB5865,-82.39600491,23.02089658,1
HAB4296,-82.36887978,23.11098447,1
HAB5018,-82.38349809,23.08405863,1
HAB13167,-82.34948383,23.08681421,1
HAB5685,-82.36427799,23.11362674,1
HAB6417,-82.41049452,23.1103874,1
HAB13293,-82.37914833,23.02570354,1
HAB9474,-82.35457304,23.09311594,1
HAB14322,-82.42722346,23.10877647,1
HAB15212,-82.37332897,23.10292072,1
HAB3510,-82.25881404,23.17214095,1
HAB1306,-82.39486529,23.05139184,1
HAB10941,-82.36820579,23.10541893,1
HAB8251,-82.38093389,23.12356034,1
HAB13650,-82.36853786,23.0911724,1
HAB18245,-82.28999904,23.12801489,1
HAB12068,-82.27232844,23.05232796,1
HAB3803,-82.34678486,23.08915018,1
HAB10865,-82.46687321,23.09142129,1
HAB8290,-82.42783751,23.10385136,1
HAB14640,-82.48450613,23.09062612,1
HAB11854,-82.40388556,23.13792205,1
HAB11686,-82.39177584,23.11977908,1
HAB13737,-82.39232317,22.97359779,1
HAB6673,-82.43585749,23.07944291,1
HAB18903,-82.33725708,23.09875821,1
HAB13082,-82.40325222,23.12959051,1
HAB2324,-82.39032661,22.96566131,1
HAB9936,-82.37413114,23.09832056,1
HAB15576,-82.40681721,23.0705129,1
HAB12120,-82.37557484,23.10645254,1
HAB4119,-82.41269455,23.13016466,1
HAB10826,-82.37082111,23.12802217,1
HAB12605,-82.30750038,23.08305808,1
HAB8385,-82.32974177,23.04346311,1
HAB15266,-82.38845455,23.10055689,1
HAB11987,-82.38804169,23.07186519,1
HAB18176,-82.36698641,23.08337391,1
HAB4978,-82.33397824,23.10204883,1
HAB3344,-82.39088489,23.13624115,1
HAB11221,-82.31021477,23.12194216,1
HAB16615,-82.41544785,23.11360765,1
HAB7295,-82.36562921,23.10730613,1
HAB3153,-82.42054323,23.11118736,1
HAB4061,-82.42055599,23.08957712,1
HAB6121,-82.41211279,23.0206875,1
HAB5622,-82.3352716,23.14333251,1
HAB14003,-82.46186456,23.06193644,1
HAB3456,-82.36684247,23.10858888,1
HAB18149,-82.33891363,23.14836468,1
HAB6187,-82.36348881,23.10231032,1
HAB14914,-82.36809684,23.1338781,1
HAB13203,-82.18978901,23.16536722,1
HAB5095,-82.35959424,23.05905256,1
HAB5652,-82.50238069,23.01562217,1
HAB15500,-82.41541143,23.13065146,1
HAB4033,-82.37411754,23.13514215,1
HAB9611,-82.46130897,23.08732179,1
HAB3011,-82.36809684,23.10405949,1
HAB11446,-82.49134971,23.01942568,1
HAB1498,-82.37533507,23.10079297,1
HAB18817,-82.38901364,23.14417283,1
HAB7161,-82.32850386,23.12504776,1
HAB17380,-82.33695774,23.09823706,1
HAB2455,-82.38988297,23.07134547,1
HAB3983,-82.41527489,23.07808847,1
HAB11289,-82.42903947,23.00748717,1
HAB15074,-82.39726583,23.0591758,1
HAB15858,-82.39461048,23.14349736,1
HAB7271,-82.46023161,23.07321911,1
HAB10400,-82.37078978,23.09744756,1
HAB18116,-82.39994092,23.13599861,1
HAB1700,-82.28195628,23.15368326,1
HAB15409,-82.37245613,23.13384296,1
HAB11001,-82.37219512,23.12545218,1
HAB5772,-82.40264508,23.13464915,1
HAB18239,-82.46328308,23.07350371,1
HAB15678,-82.26722203,23.04571726,1
HAB9372,-82.44085981,23.1066258,1
HAB12584,-82.27933718,23.15254364,1
HAB16346,-82.39570805,23.13808093,1
HAB17320,-82.47140604,22.983531,1
HAB11800,-82.38697959,23.09428951,1
HAB5093,-82.41850514,23.10474749,1
HAB16916,-82.37649097,23.13961831,1
HAB15388,-82.35444976,23.07903111,1
HAB18227,-82.32765718,23.1257705,1
HAB18193,-82.43212654,23.11558519,1
HAB12186,-82.35380767,23.07584739,1
HAB1011,-82.37230168,23.10718738,1
HAB1073,-82.27982534,23.16554229,1
HAB16539,-82.25221364,23.03811428,1
HAB15730,-82.38030087,23.13668402,1
HAB2314,-82.41327061,23.08746736,1
HAB1903,-82.37072952,23.09713066,1
HAB10975,-82.40637733,23.02461582,1
HAB14912,-82.38190436,23.11329841,1
HAB14533,-82.4070739,23.13220582,1
HAB10294,-82.38948304,23.09535537,1
HAB1854,-82.45436021,23.09080924,1
HAB14782,-82.29289038,23.1279831,1
HAB2102,-82.37623952,23.13786236,1
HAB12513,-82.39560806,23.07086774,1
HAB11933,-82.42232093,23.08312805,1
HAB17683,-82.36719562,23.10226345,1
HAB5009,-82.36628367,23.10080785,1
